Cust_ID,Ticket_ID,Date,Rule_Name,Qty,Line_Total,Points_Earned,Cumulative_Points
CUST_001,50019,2026-01-12,Health Bonus (2x),1,31.42,62.84,62.84
CUST_001,50088,2026-01-14,Standard Earn,1,66.39,66.39,129.23000000000002
CUST_001,50088,2026-01-14,Health Bonus (2x),1,9.54,19.08,148.31
CUST_001,50088,2026-01-14,Standard Earn,3,186.9,186.9,335.21000000000004
CUST_001,50088,2026-01-14,Standard Earn,1,80.52,80.52,415.73
CUST_001,50088,2026-01-14,Health Bonus (2x),1,108.14,216.28,632.01
CUST_002,50340,2026-01-18,Standard Earn,2,57.92,57.92,57.92
CUST_002,50340,2026-01-18,Electronics Bonus (1.5x),3,272.22,408.33,466.25
CUST_002,50340,2026-01-18,Electronics Bonus (1.5x),3,418.11,627.16,1093.4099999999999
CUST_002,50340,2026-01-18,Electronics Bonus (1.5x),3,418.11,627.16,1720.57
CUST_002,50340,2026-01-18,Standard Earn,1,62.3,62.3,1782.87
CUST_003,50046,2026-01-13,Standard Earn,1,83.26,83.26,83.26
CUST_003,50046,2026-01-13,Electronics Bonus (1.5x),2,278.62,417.93,501.19
CUST_003,50046,2026-01-13,Electronics Bonus (1.5x),2,123.4,185.1,686.29
CUST_003,50046,2026-01-13,Standard Earn,3,384.78,384.78,1071.07
CUST_003,50046,2026-01-13,Standard Earn,1,39.95,39.95,1111.02
CUST_003,50054,2026-01-13,Health Bonus (2x),2,14.54,29.08,1140.1
CUST_003,50054,2026-01-13,Standard Earn,1,44.83,44.83,1184.9299999999998
CUST_003,50054,2026-01-13,Health Bonus (2x),1,66.65,133.3,1318.23
CUST_003,50145,2026-01-15,Standard Earn,3,143.88,143.88,1462.11
CUST_003,50145,2026-01-15,Standard Earn,3,134.49,134.49,1596.6
CUST_003,50145,2026-01-15,Standard Earn,1,87.71,87.71,1684.31
CUST_003,50145,2026-01-15,Standard Earn,3,199.17,199.17,1883.48
CUST_003,50145,2026-01-15,Standard Earn,3,105.45,105.45,1988.93
CUST_003,50195,2026-01-16,Standard Earn,1,47.56,47.56,2036.49
CUST_003,50195,2026-01-16,Standard Earn,2,208.14,208.14,2244.63
CUST_003,50195,2026-01-16,Electronics Bonus (1.5x),3,210.63,315.94,2560.5699999999997
CUST_003,50195,2026-01-16,Standard Earn,2,185.72,185.72,2746.29
CUST_003,50195,2026-01-16,Health Bonus (2x),2,216.28,432.56,3178.85
CUST_003,50264,2026-01-17,Standard Earn,1,87.71,87.71,3266.56
CUST_003,50288,2026-01-17,Standard Earn,3,261.96,261.96,3528.52
CUST_003,50288,2026-01-17,Electronics Bonus (1.5x),2,90.04,135.06,3663.58
CUST_003,50309,2026-01-17,Electronics Bonus (1.5x),2,278.74,418.11,4081.69
CUST_003,50309,2026-01-17,Electronics Bonus (1.5x),2,203.96,305.94,4387.63
CUST_003,50309,2026-01-17,Health Bonus (2x),2,133.3,266.6,4654.23
CUST_003,50310,2026-01-17,Standard Earn,2,95.12,95.12,4749.35
CUST_003,50310,2026-01-17,Standard Earn,3,377.43,377.43,5126.78
CUST_003,50310,2026-01-17,Health Bonus (2x),3,343.59,687.18,5813.96
CUST_003,50310,2026-01-17,Standard Earn,3,331.35,331.35,6145.3099999999995
CUST_003,50344,2026-01-18,Standard Earn,2,175.42,175.42,6320.73
CUST_003,50344,2026-01-18,Health Bonus (2x),1,9.54,19.08,6339.8099999999995
CUST_003,50345,2026-01-18,Health Bonus (2x),2,289.92,579.84,6919.65
CUST_003,50345,2026-01-18,Standard Earn,1,80.52,80.52,7000.17
CUST_004,50015,2026-01-12,Health Bonus (2x),3,343.59,687.18,687.18
CUST_004,50015,2026-01-12,Standard Earn,1,47.96,47.96,735.14
CUST_004,50015,2026-01-12,Standard Earn,1,110.45,110.45,845.5899999999999
CUST_004,50015,2026-01-12,Health Bonus (2x),1,114.53,229.06,1074.6499999999999
CUST_004,50015,2026-01-12,Health Bonus (2x),3,279.06,558.12,1632.77
CUST_005,50151,2026-01-15,Health Bonus (2x),3,434.88,869.76,869.76
CUST_005,50151,2026-01-15,Standard Earn,2,95.12,95.12,964.88
CUST_006,50096,2026-01-14,Standard Earn,1,119.58,119.58,119.58
CUST_006,50096,2026-01-14,Health Bonus (2x),1,93.02,186.04,305.62
CUST_006,50112,2026-01-14,Standard Earn,3,382.38,382.38,688.0
CUST_006,50112,2026-01-14,Standard Earn,3,381.39,381.39,1069.3899999999999
CUST_006,50112,2026-01-14,Standard Earn,3,199.17,199.17,1268.56
CUST_006,50112,2026-01-14,Standard Earn,3,312.21,312.21,1580.77
CUST_006,50112,2026-01-14,Standard Earn,1,90.08,90.08,1670.85
CUST_006,50190,2026-01-16,Standard Earn,1,80.52,80.52,1751.37
CUST_006,50190,2026-01-16,Health Bonus (2x),3,21.12,42.24,1793.61
CUST_006,50190,2026-01-16,Health Bonus (2x),3,21.12,42.24,1835.85
CUST_006,50190,2026-01-16,Standard Earn,2,161.04,161.04,1996.8899999999999
CUST_006,50335,2026-01-18,Electronics Bonus (1.5x),1,101.98,152.97,2149.86
CUST_006,50335,2026-01-18,Health Bonus (2x),1,144.96,289.92,2439.7799999999997
CUST_007,50020,2026-01-12,Standard Earn,1,62.3,62.3,62.3
CUST_007,50157,2026-01-15,Standard Earn,1,127.46,127.46,189.76
CUST_007,50157,2026-01-15,Health Bonus (2x),2,14.54,29.08,218.83999999999997
CUST_007,50160,2026-01-15,Standard Earn,2,175.42,175.42,394.26
CUST_007,50160,2026-01-15,Standard Earn,2,95.12,95.12,489.38
CUST_007,50160,2026-01-15,Standard Earn,2,161.04,161.04,650.42
CUST_007,50314,2026-01-18,Health Bonus (2x),3,280.35,560.7,1211.12
CUST_008,50262,2026-01-17,Electronics Bonus (1.5x),2,123.4,185.1,185.1
CUST_008,50262,2026-01-17,Standard Earn,3,249.78,249.78,434.88
CUST_008,50262,2026-01-17,Standard Earn,2,208.14,208.14,643.02
CUST_008,50262,2026-01-17,Standard Earn,3,340.08,340.08,983.0999999999999
CUST_008,50262,2026-01-17,Standard Earn,1,110.45,110.45,1093.55
CUST_009,50170,2026-01-16,Standard Earn,2,174.64,174.64,174.64
CUST_009,50170,2026-01-16,Health Bonus (2x),3,434.88,869.76,1044.4
CUST_009,50170,2026-01-16,Health Bonus (2x),3,434.88,869.76,1914.1599999999999
CUST_009,50170,2026-01-16,Health Bonus (2x),3,28.62,57.24,1971.3999999999999
CUST_009,50170,2026-01-16,Electronics Bonus (1.5x),1,139.31,208.96,2180.36
CUST_011,50021,2026-01-12,Standard Earn,1,28.96,28.96,28.96
CUST_011,50021,2026-01-12,Standard Earn,3,142.68,142.68,171.64000000000001
CUST_011,50228,2026-01-16,Health Bonus (2x),2,216.28,432.56,604.2
CUST_011,50351,2026-01-18,Standard Earn,2,185.72,185.72,789.92
CUST_011,50351,2026-01-18,Standard Earn,2,254.26,254.26,1044.18
CUST_011,50351,2026-01-18,Standard Earn,2,220.9,220.9,1265.08
CUST_011,50351,2026-01-18,Standard Earn,2,166.52,166.52,1431.6
CUST_012,50198,2026-01-16,Standard Earn,3,384.78,384.78,384.78
CUST_012,50198,2026-01-16,Electronics Bonus (1.5x),1,70.21,105.32,490.09999999999997
CUST_012,50198,2026-01-16,Standard Earn,2,67.66,67.66,557.76
CUST_012,50198,2026-01-16,Standard Earn,1,101.56,101.56,659.3199999999999
CUST_012,50198,2026-01-16,Health Bonus (2x),1,7.04,14.08,673.4
CUST_013,50026,2026-01-12,Standard Earn,3,270.24,270.24,270.24
CUST_013,50026,2026-01-12,Standard Earn,3,340.08,340.08,610.3199999999999
CUST_013,50039,2026-01-12,Standard Earn,1,47.96,47.96,658.28
CUST_013,50060,2026-01-13,Standard Earn,3,186.78,186.78,845.06
CUST_013,50060,2026-01-13,Health Bonus (2x),2,62.84,125.68,970.74
CUST_013,50060,2026-01-13,Standard Earn,3,278.58,278.58,1249.32
CUST_013,50060,2026-01-13,Standard Earn,3,241.56,241.56,1490.88
CUST_013,50060,2026-01-13,Standard Earn,1,83.26,83.26,1574.14
CUST_014,50028,2026-01-12,Health Bonus (2x),2,14.08,28.16,28.16
CUST_014,50251,2026-01-17,Standard Earn,1,62.26,62.26,90.42
CUST_014,50251,2026-01-17,Standard Earn,2,185.72,185.72,276.14
CUST_014,50251,2026-01-17,Electronics Bonus (1.5x),1,144.37,216.56,492.70000000000005
CUST_014,50326,2026-01-18,Standard Earn,3,304.68,304.68,797.38
CUST_014,50326,2026-01-18,Standard Earn,2,239.16,239.16,1036.54
CUST_014,50326,2026-01-18,Standard Earn,2,124.52,124.52,1161.06
CUST_014,50326,2026-01-18,Health Bonus (2x),2,186.04,372.08,1533.1399999999999
CUST_015,50036,2026-01-12,Standard Earn,3,142.68,142.68,142.68
CUST_015,50036,2026-01-12,Standard Earn,1,62.26,62.26,204.94
CUST_019,50032,2026-01-12,Electronics Bonus (1.5x),3,433.11,649.66,649.66
CUST_019,50032,2026-01-12,Electronics Bonus (1.5x),1,90.74,136.11,785.77
CUST_019,50032,2026-01-12,Standard Earn,1,127.13,127.13,912.9
CUST_020,50045,2026-01-13,Electronics Bonus (1.5x),2,90.04,135.06,135.06
CUST_020,50045,2026-01-13,Standard Earn,3,263.13,263.13,398.19
CUST_020,50045,2026-01-13,Standard Earn,1,35.15,35.15,433.34
CUST_020,50045,2026-01-13,Standard Earn,2,256.52,256.52,689.8599999999999
CUST_020,50045,2026-01-13,Health Bonus (2x),1,114.53,229.06,918.92
CUST_020,50067,2026-01-13,Standard Earn,1,47.56,47.56,966.48
CUST_020,50067,2026-01-13,Electronics Bonus (1.5x),3,210.63,315.94,1282.42
CUST_020,50082,2026-01-14,Standard Earn,2,198.82,198.82,1481.24
CUST_020,50082,2026-01-14,Health Bonus (2x),2,19.08,38.16,1519.3999999999999
CUST_020,50082,2026-01-14,Standard Earn,3,241.56,241.56,1760.96
CUST_020,50082,2026-01-14,Standard Earn,3,199.17,199.17,1960.1299999999999
CUST_020,50285,2026-01-17,Health Bonus (2x),3,28.62,57.24,2017.37
CUST_020,50287,2026-01-17,Standard Earn,2,208.14,208.14,2225.5099999999998
CUST_020,50287,2026-01-17,Standard Earn,3,382.38,382.38,2607.89
CUST_021,50224,2026-01-16,Electronics Bonus (1.5x),2,278.62,417.93,417.93
CUST_021,50224,2026-01-16,Standard Earn,3,340.08,340.08,758.01
CUST_021,50224,2026-01-16,Electronics Bonus (1.5x),2,123.4,185.1,943.11
CUST_021,50224,2026-01-16,Standard Earn,2,166.52,166.52,1109.63
CUST_021,50224,2026-01-16,Standard Earn,3,278.58,278.58,1388.21
CUST_021,50230,2026-01-16,Health Bonus (2x),1,93.45,186.9,1575.11
CUST_021,50230,2026-01-16,Electronics Bonus (1.5x),3,417.93,626.9,2202.01
CUST_021,50230,2026-01-16,Standard Earn,1,125.81,125.81,2327.82
CUST_021,50230,2026-01-16,Health Bonus (2x),3,343.59,687.18,3015.0
CUST_021,50230,2026-01-16,Electronics Bonus (1.5x),1,139.31,208.96,3223.96
CUST_021,50372,2026-01-18,Standard Earn,3,86.88,86.88,3310.84
CUST_021,50372,2026-01-18,Electronics Bonus (1.5x),1,61.7,92.55,3403.39
CUST_021,50372,2026-01-18,Standard Earn,1,83.26,83.26,3486.65
CUST_021,50372,2026-01-18,Standard Earn,1,113.36,113.36,3600.01
CUST_022,50079,2026-01-13,Health Bonus (2x),1,93.45,186.9,186.9
CUST_022,50079,2026-01-13,Health Bonus (2x),1,7.04,14.08,200.98000000000002
CUST_022,50079,2026-01-13,Standard Earn,3,157.05,157.05,358.03000000000003
CUST_022,50079,2026-01-13,Standard Earn,3,105.45,105.45,463.48
CUST_022,50079,2026-01-13,Health Bonus (2x),3,324.42,648.84,1112.3200000000002
CUST_024,50042,2026-01-13,Electronics Bonus (1.5x),2,90.04,135.06,135.06
CUST_024,50042,2026-01-13,Standard Earn,2,67.66,67.66,202.72
CUST_025,50034,2026-01-12,Standard Earn,3,261.96,261.96,261.96
CUST_025,50034,2026-01-12,Standard Earn,3,358.74,358.74,620.7
CUST_025,50034,2026-01-12,Electronics Bonus (1.5x),1,70.21,105.32,726.02
CUST_025,50034,2026-01-12,Standard Earn,2,60.28,60.28,786.3
CUST_025,50070,2026-01-13,Standard Earn,3,381.39,381.39,1167.69
CUST_025,50070,2026-01-13,Standard Earn,2,275.34,275.34,1443.03
CUST_025,50121,2026-01-15,Standard Earn,2,95.92,95.92,1538.9499999999998
CUST_025,50121,2026-01-15,Health Bonus (2x),3,199.95,399.9,1938.85
CUST_025,50121,2026-01-15,Standard Earn,1,66.39,66.39,2005.24
CUST_025,50127,2026-01-15,Standard Earn,2,79.9,79.9,2085.14
CUST_025,50127,2026-01-15,Electronics Bonus (1.5x),1,70.17,105.26,2190.4
CUST_025,50127,2026-01-15,Standard Earn,2,95.92,95.92,2286.3199999999997
CUST_025,50127,2026-01-15,Health Bonus (2x),1,7.04,14.08,2300.4
CUST_025,50277,2026-01-17,Standard Earn,3,340.08,340.08,2640.48
CUST_025,50277,2026-01-17,Standard Earn,3,413.01,413.01,3053.49
CUST_027,50246,2026-01-17,Electronics Bonus (1.5x),1,101.98,152.97,152.97
CUST_031,50139,2026-01-15,Standard Earn,1,104.07,104.07,104.07
CUST_031,50139,2026-01-15,Standard Earn,1,44.83,44.83,148.89999999999998
CUST_031,50139,2026-01-15,Health Bonus (2x),3,434.88,869.76,1018.66
CUST_031,50139,2026-01-15,Electronics Bonus (1.5x),3,210.63,315.94,1334.6
CUST_031,50346,2026-01-18,Electronics Bonus (1.5x),3,56.49,84.74,1419.34
CUST_031,50346,2026-01-18,Standard Earn,1,80.52,80.52,1499.86
CUST_031,50346,2026-01-18,Standard Earn,3,134.49,134.49,1634.35
CUST_031,50346,2026-01-18,Standard Earn,1,28.96,28.96,1663.31
CUST_032,50022,2026-01-12,Electronics Bonus (1.5x),2,37.66,56.49,56.49
CUST_032,50022,2026-01-12,Electronics Bonus (1.5x),3,210.51,315.76,372.25
CUST_032,50022,2026-01-12,Health Bonus (2x),3,324.42,648.84,1021.09
CUST_032,50022,2026-01-12,Health Bonus (2x),3,21.81,43.62,1064.71
CUST_032,50204,2026-01-16,Standard Earn,2,251.62,251.62,1316.33
CUST_032,50204,2026-01-16,Standard Earn,1,66.39,66.39,1382.72
CUST_032,50204,2026-01-16,Health Bonus (2x),1,7.04,14.08,1396.8
CUST_032,50204,2026-01-16,Electronics Bonus (1.5x),3,210.63,315.94,1712.74
CUST_032,50278,2026-01-17,Standard Earn,1,128.26,128.26,1841.0
CUST_032,50278,2026-01-17,Health Bonus (2x),3,199.95,399.9,2240.9
CUST_032,50278,2026-01-17,Standard Earn,1,30.14,30.14,2271.04
CUST_032,50278,2026-01-17,Electronics Bonus (1.5x),1,45.02,67.53,2338.57
CUST_034,50171,2026-01-16,Electronics Bonus (1.5x),1,101.98,152.97,152.97
CUST_034,50171,2026-01-16,Health Bonus (2x),1,108.14,216.28,369.25
CUST_034,50171,2026-01-16,Standard Earn,3,413.01,413.01,782.26
CUST_034,50171,2026-01-16,Health Bonus (2x),1,93.02,186.04,968.3
CUST_035,50008,2026-01-12,Standard Earn,1,110.45,110.45,110.45
CUST_035,50008,2026-01-12,Standard Earn,2,117.54,117.54,227.99
CUST_035,50008,2026-01-12,Standard Earn,1,58.77,58.77,286.76
CUST_035,50257,2026-01-17,Health Bonus (2x),3,21.81,43.62,330.38
CUST_035,50257,2026-01-17,Standard Earn,2,70.3,70.3,400.68
CUST_035,50257,2026-01-17,Health Bonus (2x),1,93.45,186.9,587.58
CUST_035,50257,2026-01-17,Standard Earn,2,124.52,124.52,712.1
CUST_036,50365,2026-01-18,Electronics Bonus (1.5x),2,181.48,272.22,272.22
CUST_037,50140,2026-01-15,Standard Earn,3,134.49,134.49,134.49
CUST_037,50140,2026-01-15,Health Bonus (2x),2,186.04,372.08,506.57
CUST_037,50140,2026-01-15,Standard Earn,2,57.92,57.92,564.49
CUST_037,50140,2026-01-15,Health Bonus (2x),3,280.35,560.7,1125.19
CUST_037,50184,2026-01-16,Health Bonus (2x),1,31.42,62.84,1188.03
CUST_037,50184,2026-01-16,Standard Earn,2,67.66,67.66,1255.69
CUST_037,50184,2026-01-16,Health Bonus (2x),2,186.9,373.8,1629.49
CUST_037,50275,2026-01-17,Health Bonus (2x),3,343.59,687.18,2316.67
CUST_037,50275,2026-01-17,Standard Earn,1,110.45,110.45,2427.12
CUST_037,50275,2026-01-17,Health Bonus (2x),2,14.08,28.16,2455.28
CUST_037,50275,2026-01-17,Standard Earn,1,87.71,87.71,2542.9900000000002
CUST_037,50281,2026-01-17,Health Bonus (2x),1,93.02,186.04,2729.03
CUST_037,50281,2026-01-17,Standard Earn,1,66.39,66.39,2795.42
CUST_037,50281,2026-01-17,Standard Earn,2,70.3,70.3,2865.7200000000003
CUST_037,50281,2026-01-17,Electronics Bonus (1.5x),3,210.51,315.76,3181.48
CUST_037,50304,2026-01-17,Standard Earn,2,254.26,254.26,3435.74
CUST_037,50304,2026-01-17,Electronics Bonus (1.5x),2,278.74,418.11,3853.85
CUST_037,50304,2026-01-17,Standard Earn,3,413.01,413.01,4266.86
CUST_038,50084,2026-01-14,Standard Earn,3,86.88,86.88,86.88
CUST_038,50084,2026-01-14,Electronics Bonus (1.5x),1,45.02,67.53,154.41
CUST_038,50084,2026-01-14,Health Bonus (2x),3,343.59,687.18,841.5899999999999
CUST_038,50084,2026-01-14,Health Bonus (2x),2,62.84,125.68,967.27
CUST_038,50084,2026-01-14,Standard Earn,3,241.56,241.56,1208.83
CUST_039,50385,2026-01-18,Standard Earn,3,249.78,249.78,249.78
CUST_039,50385,2026-01-18,Electronics Bonus (1.5x),3,210.63,315.94,565.72
CUST_039,50385,2026-01-18,Electronics Bonus (1.5x),1,70.21,105.32,671.04
CUST_039,50385,2026-01-18,Standard Earn,1,52.35,52.35,723.39
CUST_041,50313,2026-01-18,Standard Earn,3,249.78,249.78,249.78
CUST_041,50313,2026-01-18,Health Bonus (2x),3,21.81,43.62,293.4
CUST_042,50033,2026-01-12,Standard Earn,3,241.56,241.56,241.56
CUST_042,50033,2026-01-12,Electronics Bonus (1.5x),2,123.4,185.1,426.65999999999997
CUST_042,50033,2026-01-12,Standard Earn,2,185.72,185.72,612.38
CUST_042,50033,2026-01-12,Standard Earn,2,117.54,117.54,729.92
CUST_042,50033,2026-01-12,Health Bonus (2x),2,186.9,373.8,1103.72
CUST_042,50115,2026-01-14,Standard Earn,1,66.39,66.39,1170.1100000000001
CUST_042,50115,2026-01-14,Electronics Bonus (1.5x),2,37.66,56.49,1226.6000000000001
CUST_042,50115,2026-01-14,Health Bonus (2x),1,9.54,19.08,1245.68
CUST_042,50115,2026-01-14,Standard Earn,1,101.56,101.56,1347.24
CUST_042,50115,2026-01-14,Electronics Bonus (1.5x),2,140.42,210.63,1557.8700000000001
CUST_042,50196,2026-01-16,Standard Earn,1,99.41,99.41,1657.28
CUST_042,50196,2026-01-16,Health Bonus (2x),3,279.06,558.12,2215.4
CUST_042,50196,2026-01-16,Health Bonus (2x),1,114.53,229.06,2444.46
CUST_042,50196,2026-01-16,Standard Earn,2,180.16,180.16,2624.62
CUST_042,50237,2026-01-17,Standard Earn,1,87.32,87.32,2711.94
CUST_042,50280,2026-01-17,Standard Earn,2,166.52,166.52,2878.46
CUST_042,50280,2026-01-17,Standard Earn,2,124.52,124.52,3002.98
CUST_042,50280,2026-01-17,Standard Earn,3,134.49,134.49,3137.4700000000003
CUST_042,50315,2026-01-18,Standard Earn,2,124.6,124.6,3262.07
CUST_042,50315,2026-01-18,Electronics Bonus (1.5x),1,70.21,105.32,3367.39
CUST_042,50315,2026-01-18,Standard Earn,2,95.92,95.92,3463.31
CUST_042,50315,2026-01-18,Standard Earn,1,39.95,39.95,3503.26
CUST_042,50321,2026-01-18,Electronics Bonus (1.5x),2,140.34,210.51,3713.77
CUST_042,50321,2026-01-18,Standard Earn,1,104.07,104.07,3817.84
CUST_042,50321,2026-01-18,Standard Earn,2,79.9,79.9,3897.7400000000002
CUST_042,50321,2026-01-18,Health Bonus (2x),3,21.12,42.24,3939.98
CUST_044,50005,2026-01-12,Electronics Bonus (1.5x),1,70.17,105.26,105.26
CUST_044,50005,2026-01-12,Standard Earn,3,199.17,199.17,304.43
CUST_044,50005,2026-01-12,Standard Earn,3,381.39,381.39,685.8199999999999
CUST_044,50005,2026-01-12,Health Bonus (2x),1,7.04,14.08,699.9
CUST_044,50104,2026-01-14,Electronics Bonus (1.5x),1,139.37,209.06,908.96
CUST_044,50104,2026-01-14,Electronics Bonus (1.5x),1,144.37,216.56,1125.52
CUST_044,50113,2026-01-14,Electronics Bonus (1.5x),1,45.02,67.53,1193.05
CUST_044,50113,2026-01-14,Electronics Bonus (1.5x),1,61.7,92.55,1285.6
CUST_044,50113,2026-01-14,Electronics Bonus (1.5x),1,90.74,136.11,1421.71
CUST_044,50113,2026-01-14,Standard Earn,3,298.23,298.23,1719.94
CUST_044,50113,2026-01-14,Health Bonus (2x),1,9.54,19.08,1739.02
CUST_044,50201,2026-01-16,Standard Earn,1,33.83,33.83,1772.8500000000001
CUST_044,50201,2026-01-16,Health Bonus (2x),2,229.06,458.12,2230.9700000000003
CUST_044,50201,2026-01-16,Electronics Bonus (1.5x),3,135.06,202.59,2433.56
CUST_044,50201,2026-01-16,Health Bonus (2x),1,66.65,133.3,2566.86
CUST_044,50291,2026-01-17,Electronics Bonus (1.5x),1,101.98,152.97,2719.83
CUST_044,50291,2026-01-17,Standard Earn,1,39.95,39.95,2759.78
CUST_044,50291,2026-01-17,Standard Earn,2,132.78,132.78,2892.56
CUST_044,50291,2026-01-17,Standard Earn,2,185.72,185.72,3078.28
CUST_044,50291,2026-01-17,Health Bonus (2x),3,21.12,42.24,3120.52
CUST_044,50327,2026-01-18,Standard Earn,1,80.52,80.52,3201.04
CUST_044,50327,2026-01-18,Standard Earn,3,298.23,298.23,3499.27
CUST_044,50327,2026-01-18,Electronics Bonus (1.5x),3,305.94,458.91,3958.1800000000003
CUST_044,50327,2026-01-18,Standard Earn,2,117.54,117.54,4075.7200000000003
CUST_044,50352,2026-01-18,Standard Earn,1,87.71,87.71,4163.43
CUST_044,50352,2026-01-18,Standard Earn,2,166.52,166.52,4329.95
CUST_044,50352,2026-01-18,Health Bonus (2x),1,114.53,229.06,4559.01
CUST_044,50370,2026-01-18,Standard Earn,3,261.96,261.96,4820.97
CUST_044,50370,2026-01-18,Health Bonus (2x),2,62.84,125.68,4946.650000000001
CUST_044,50370,2026-01-18,Standard Earn,2,104.7,104.7,5051.35
CUST_047,50077,2026-01-13,Standard Earn,2,67.66,67.66,67.66
CUST_047,50077,2026-01-13,Standard Earn,1,137.67,137.67,205.32999999999998
CUST_047,50077,2026-01-13,Health Bonus (2x),3,199.95,399.9,605.23
CUST_047,50244,2026-01-17,Standard Earn,2,124.52,124.52,729.75
CUST_047,50244,2026-01-17,Standard Earn,2,239.16,239.16,968.91
CUST_048,50053,2026-01-13,Standard Earn,2,161.04,161.04,161.04
CUST_048,50253,2026-01-17,Health Bonus (2x),2,14.08,28.16,189.2
CUST_048,50253,2026-01-17,Standard Earn,1,99.41,99.41,288.61
CUST_048,50253,2026-01-17,Electronics Bonus (1.5x),2,90.04,135.06,423.66999999999996
CUST_048,50253,2026-01-17,Standard Earn,3,377.43,377.43,801.1
CUST_048,50253,2026-01-17,Electronics Bonus (1.5x),1,139.37,209.06,1010.1600000000001
CUST_049,50013,2026-01-12,Standard Earn,3,413.01,413.01,413.01
CUST_049,50013,2026-01-12,Standard Earn,2,95.12,95.12,508.13
CUST_049,50013,2026-01-12,Standard Earn,1,83.26,83.26,591.39
CUST_049,50013,2026-01-12,Standard Earn,3,384.78,384.78,976.17
CUST_049,50161,2026-01-16,Standard Earn,2,70.3,70.3,1046.47
CUST_049,50161,2026-01-16,Health Bonus (2x),3,279.06,558.12,1604.59
CUST_049,50161,2026-01-16,Electronics Bonus (1.5x),1,139.37,209.06,1813.6499999999999
CUST_049,50161,2026-01-16,Electronics Bonus (1.5x),2,90.04,135.06,1948.71
CUST_049,50266,2026-01-17,Standard Earn,1,119.58,119.58,2068.29
CUST_049,50266,2026-01-17,Health Bonus (2x),1,144.96,289.92,2358.21
CUST_049,50330,2026-01-18,Health Bonus (2x),2,14.08,28.16,2386.37
CUST_049,50330,2026-01-18,Standard Earn,1,62.26,62.26,2448.63
CUST_049,50330,2026-01-18,Standard Earn,1,47.96,47.96,2496.59
CUST_049,50330,2026-01-18,Standard Earn,3,241.56,241.56,2738.15
CUST_049,50330,2026-01-18,Standard Earn,3,119.85,119.85,2858.0
CUST_051,50242,2026-01-17,Standard Earn,2,198.82,198.82,198.82
CUST_051,50242,2026-01-17,Electronics Bonus (1.5x),1,101.98,152.97,351.78999999999996
CUST_051,50245,2026-01-17,Health Bonus (2x),2,186.04,372.08,723.87
CUST_052,50007,2026-01-12,Standard Earn,2,174.64,174.64,174.64
CUST_052,50007,2026-01-12,Electronics Bonus (1.5x),3,272.22,408.33,582.97
CUST_052,50007,2026-01-12,Standard Earn,3,86.88,86.88,669.8499999999999
CUST_052,50007,2026-01-12,Standard Earn,2,95.92,95.92,765.77
CUST_052,50379,2026-01-18,Standard Earn,3,261.96,261.96,1027.73
CUST_052,50379,2026-01-18,Standard Earn,1,58.77,58.77,1086.5
CUST_052,50379,2026-01-18,Electronics Bonus (1.5x),1,45.02,67.53,1154.03
CUST_052,50379,2026-01-18,Electronics Bonus (1.5x),1,70.21,105.32,1259.35
CUST_052,50379,2026-01-18,Standard Earn,2,239.16,239.16,1498.51
CUST_054,50265,2026-01-17,Standard Earn,3,263.13,263.13,263.13
CUST_054,50265,2026-01-17,Standard Earn,1,128.26,128.26,391.39
CUST_054,50265,2026-01-17,Standard Earn,2,254.92,254.92,646.31
CUST_054,50265,2026-01-17,Health Bonus (2x),1,7.27,14.54,660.85
CUST_054,50265,2026-01-17,Standard Earn,1,125.81,125.81,786.66
CUST_056,50124,2026-01-15,Standard Earn,3,143.88,143.88,143.88
CUST_056,50124,2026-01-15,Electronics Bonus (1.5x),2,140.42,210.63,354.51
CUST_056,50124,2026-01-15,Electronics Bonus (1.5x),3,418.11,627.16,981.67
CUST_056,50124,2026-01-15,Standard Earn,2,198.82,198.82,1180.49
CUST_057,50076,2026-01-13,Electronics Bonus (1.5x),1,61.7,92.55,92.55
CUST_057,50095,2026-01-14,Health Bonus (2x),2,186.04,372.08,464.63
CUST_057,50095,2026-01-14,Standard Earn,2,220.9,220.9,685.53
CUST_057,50181,2026-01-16,Health Bonus (2x),2,186.9,373.8,1059.33
CUST_057,50181,2026-01-16,Standard Earn,2,256.52,256.52,1315.85
CUST_057,50181,2026-01-16,Electronics Bonus (1.5x),1,45.02,67.53,1383.38
CUST_057,50181,2026-01-16,Standard Earn,2,67.66,67.66,1451.04
CUST_057,50362,2026-01-18,Standard Earn,1,39.95,39.95,1490.99
CUST_057,50362,2026-01-18,Health Bonus (2x),1,7.27,14.54,1505.53
CUST_057,50362,2026-01-18,Standard Earn,1,87.32,87.32,1592.85
CUST_057,50362,2026-01-18,Electronics Bonus (1.5x),2,278.62,417.93,2010.78
CUST_057,50362,2026-01-18,Standard Earn,1,30.14,30.14,2040.92
CUST_058,50267,2026-01-17,Standard Earn,3,261.96,261.96,261.96
CUST_058,50267,2026-01-17,Electronics Bonus (1.5x),2,123.4,185.1,447.05999999999995
CUST_058,50267,2026-01-17,Standard Earn,1,83.26,83.26,530.3199999999999
CUST_058,50267,2026-01-17,Standard Earn,2,174.64,174.64,704.96
CUST_058,50267,2026-01-17,Health Bonus (2x),1,9.54,19.08,724.04
CUST_060,50003,2026-01-12,Electronics Bonus (1.5x),2,288.74,433.11,433.11
CUST_060,50003,2026-01-12,Electronics Bonus (1.5x),1,139.37,209.06,642.1700000000001
CUST_060,50003,2026-01-12,Standard Earn,3,119.85,119.85,762.02
CUST_060,50003,2026-01-12,Electronics Bonus (1.5x),3,210.51,315.76,1077.78
CUST_060,50205,2026-01-16,Standard Earn,1,92.86,92.86,1170.6399999999999
CUST_060,50205,2026-01-16,Electronics Bonus (1.5x),3,210.51,315.76,1486.4
CUST_060,50232,2026-01-16,Health Bonus (2x),1,114.53,229.06,1715.46
CUST_060,50232,2026-01-16,Health Bonus (2x),3,343.59,687.18,2402.64
CUST_060,50232,2026-01-16,Electronics Bonus (1.5x),3,56.49,84.74,2487.3799999999997
CUST_060,50337,2026-01-18,Standard Earn,3,413.01,413.01,2900.39
CUST_060,50337,2026-01-18,Electronics Bonus (1.5x),3,417.93,626.9,3527.29
CUST_060,50337,2026-01-18,Standard Earn,3,413.01,413.01,3940.2999999999997
CUST_060,50368,2026-01-18,Health Bonus (2x),3,21.81,43.62,3983.9199999999996
CUST_060,50368,2026-01-18,Standard Earn,3,249.78,249.78,4233.7
CUST_060,50368,2026-01-18,Electronics Bonus (1.5x),2,278.74,418.11,4651.8099999999995
CUST_060,50368,2026-01-18,Standard Earn,1,28.96,28.96,4680.7699999999995
CUST_066,50142,2026-01-15,Electronics Bonus (1.5x),2,140.34,210.51,210.51
CUST_066,50142,2026-01-15,Standard Earn,1,62.26,62.26,272.77
CUST_066,50142,2026-01-15,Standard Earn,3,86.88,86.88,359.65
CUST_066,50271,2026-01-17,Health Bonus (2x),3,21.12,42.24,401.89
CUST_066,50271,2026-01-17,Standard Earn,3,105.45,105.45,507.34
CUST_066,50271,2026-01-17,Health Bonus (2x),1,114.53,229.06,736.4
CUST_067,50014,2026-01-12,Standard Earn,2,256.52,256.52,256.52
CUST_067,50014,2026-01-12,Standard Earn,1,47.56,47.56,304.08
CUST_067,50014,2026-01-12,Standard Earn,3,142.68,142.68,446.76
CUST_067,50014,2026-01-12,Standard Earn,3,186.9,186.9,633.66
CUST_067,50107,2026-01-14,Standard Earn,2,124.52,124.52,758.18
CUST_067,50107,2026-01-14,Standard Earn,1,110.45,110.45,868.63
CUST_067,50152,2026-01-15,Electronics Bonus (1.5x),3,417.93,626.9,1495.53
CUST_067,50152,2026-01-15,Standard Earn,1,110.45,110.45,1605.98
CUST_067,50152,2026-01-15,Standard Earn,2,180.16,180.16,1786.1399999999999
CUST_067,50152,2026-01-15,Standard Earn,3,381.39,381.39,2167.5299999999997
CUST_070,50214,2026-01-16,Electronics Bonus (1.5x),3,417.93,626.9,626.9
CUST_070,50214,2026-01-16,Standard Earn,2,203.12,203.12,830.02
CUST_070,50214,2026-01-16,Standard Earn,2,132.78,132.78,962.8
CUST_070,50214,2026-01-16,Electronics Bonus (1.5x),3,272.22,408.33,1371.13
CUST_070,50214,2026-01-16,Standard Earn,1,125.81,125.81,1496.94
CUST_074,50119,2026-01-14,Electronics Bonus (1.5x),3,433.11,649.66,649.66
CUST_074,50119,2026-01-14,Electronics Bonus (1.5x),1,45.02,67.53,717.1899999999999
CUST_074,50119,2026-01-14,Health Bonus (2x),3,324.42,648.84,1366.03
CUST_074,50119,2026-01-14,Standard Earn,3,119.85,119.85,1485.8799999999999
CUST_074,50119,2026-01-14,Standard Earn,2,70.3,70.3,1556.18
CUST_077,50274,2026-01-17,Health Bonus (2x),3,28.62,57.24,57.24
CUST_077,50274,2026-01-17,Standard Earn,1,33.83,33.83,91.07
CUST_077,50274,2026-01-17,Standard Earn,3,186.9,186.9,277.97
CUST_077,50274,2026-01-17,Electronics Bonus (1.5x),1,18.83,28.24,306.21
CUST_077,50274,2026-01-17,Health Bonus (2x),1,9.54,19.08,325.29
CUST_077,50375,2026-01-18,Standard Earn,2,174.64,174.64,499.92999999999995
CUST_077,50375,2026-01-18,Health Bonus (2x),2,14.54,29.08,529.01
CUST_079,50043,2026-01-13,Electronics Bonus (1.5x),2,37.66,56.49,56.49
CUST_079,50043,2026-01-13,Health Bonus (2x),2,186.9,373.8,430.29
CUST_079,50043,2026-01-13,Health Bonus (2x),1,7.27,14.54,444.83000000000004
CUST_079,50043,2026-01-13,Standard Earn,2,256.52,256.52,701.35
CUST_079,50235,2026-01-16,Standard Earn,2,208.14,208.14,909.49
CUST_079,50235,2026-01-16,Standard Earn,2,132.78,132.78,1042.27
CUST_079,50235,2026-01-16,Electronics Bonus (1.5x),3,56.49,84.74,1127.01
CUST_079,50235,2026-01-16,Standard Earn,3,186.78,186.78,1313.79
CUST_079,50235,2026-01-16,Health Bonus (2x),2,133.3,266.6,1580.39
CUST_079,50250,2026-01-17,Electronics Bonus (1.5x),1,144.37,216.56,1796.95
CUST_079,50250,2026-01-17,Electronics Bonus (1.5x),3,418.11,627.16,2424.11
CUST_079,50250,2026-01-17,Standard Earn,1,33.83,33.83,2457.94
CUST_079,50250,2026-01-17,Electronics Bonus (1.5x),2,288.74,433.11,2891.05
CUST_079,50316,2026-01-18,Standard Earn,2,124.52,124.52,3015.57
CUST_079,50316,2026-01-18,Health Bonus (2x),1,7.27,14.54,3030.11
CUST_079,50316,2026-01-18,Standard Earn,1,28.96,28.96,3059.07
CUST_080,50066,2026-01-13,Standard Earn,1,87.71,87.71,87.71
CUST_080,50066,2026-01-13,Electronics Bonus (1.5x),3,210.63,315.94,403.65
CUST_081,50061,2026-01-13,Standard Earn,2,104.7,104.7,104.7
CUST_081,50061,2026-01-13,Standard Earn,1,90.08,90.08,194.78
CUST_081,50064,2026-01-13,Standard Earn,1,33.83,33.83,228.61
CUST_081,50068,2026-01-13,Standard Earn,3,186.9,186.9,415.51
CUST_081,50068,2026-01-13,Health Bonus (2x),2,289.92,579.84,995.35
CUST_081,50068,2026-01-13,Electronics Bonus (1.5x),1,18.83,28.24,1023.59
CUST_081,50073,2026-01-13,Health Bonus (2x),1,93.02,186.04,1209.63
CUST_081,50073,2026-01-13,Health Bonus (2x),2,14.08,28.16,1237.79
CUST_081,50089,2026-01-14,Health Bonus (2x),1,144.96,289.92,1527.71
CUST_081,50089,2026-01-14,Standard Earn,3,105.45,105.45,1633.16
CUST_081,50089,2026-01-14,Electronics Bonus (1.5x),2,181.48,272.22,1905.38
CUST_081,50089,2026-01-14,Standard Earn,2,220.9,220.9,2126.28
CUST_081,50094,2026-01-14,Electronics Bonus (1.5x),2,203.96,305.94,2432.2200000000003
CUST_081,50236,2026-01-17,Standard Earn,3,381.39,381.39,2813.61
CUST_081,50236,2026-01-17,Electronics Bonus (1.5x),1,101.98,152.97,2966.58
CUST_081,50236,2026-01-17,Standard Earn,3,241.56,241.56,3208.14
CUST_081,50236,2026-01-17,Standard Earn,3,101.49,101.49,3309.63
CUST_081,50308,2026-01-17,Standard Earn,2,180.16,180.16,3489.79
CUST_081,50308,2026-01-17,Electronics Bonus (1.5x),1,139.31,208.96,3698.75
CUST_081,50361,2026-01-18,Standard Earn,3,278.58,278.58,3977.33
CUST_081,50361,2026-01-18,Electronics Bonus (1.5x),1,70.17,105.26,4082.59
CUST_081,50361,2026-01-18,Standard Earn,3,261.96,261.96,4344.55
CUST_081,50361,2026-01-18,Standard Earn,2,57.92,57.92,4402.47
CUST_081,50363,2026-01-18,Electronics Bonus (1.5x),2,181.48,272.22,4674.6900000000005
CUST_081,50363,2026-01-18,Standard Earn,1,125.81,125.81,4800.5
CUST_081,50363,2026-01-18,Standard Earn,2,117.54,117.54,4918.04
CUST_083,50035,2026-01-12,Standard Earn,2,124.6,124.6,124.6
CUST_083,50129,2026-01-15,Standard Earn,1,39.95,39.95,164.55
CUST_083,50129,2026-01-15,Standard Earn,2,104.7,104.7,269.25
CUST_083,50129,2026-01-15,Standard Earn,1,128.26,128.26,397.51
CUST_083,50129,2026-01-15,Standard Earn,1,44.83,44.83,442.34
CUST_083,50179,2026-01-16,Standard Earn,1,62.26,62.26,504.59999999999997
CUST_083,50179,2026-01-16,Electronics Bonus (1.5x),3,305.94,458.91,963.51
CUST_083,50202,2026-01-16,Standard Earn,3,157.05,157.05,1120.56
CUST_083,50202,2026-01-16,Standard Earn,3,86.88,86.88,1207.44
CUST_083,50202,2026-01-16,Standard Earn,1,47.56,47.56,1255.0
CUST_083,50202,2026-01-16,Standard Earn,3,105.45,105.45,1360.45
CUST_083,50202,2026-01-16,Standard Earn,2,79.9,79.9,1440.35
CUST_083,50256,2026-01-17,Electronics Bonus (1.5x),1,61.7,92.55,1532.9
CUST_083,50256,2026-01-17,Electronics Bonus (1.5x),2,140.42,210.63,1743.53
CUST_083,50256,2026-01-17,Standard Earn,1,119.58,119.58,1863.11
CUST_083,50256,2026-01-17,Health Bonus (2x),2,14.08,28.16,1891.27
CUST_083,50299,2026-01-17,Standard Earn,2,198.82,198.82,2090.09
CUST_083,50299,2026-01-17,Standard Earn,3,304.68,304.68,2394.77
CUST_083,50299,2026-01-17,Health Bonus (2x),3,343.59,687.18,3081.95
CUST_083,50299,2026-01-17,Health Bonus (2x),3,21.12,42.24,3124.19
CUST_083,50319,2026-01-18,Standard Earn,1,58.77,58.77,3182.96
CUST_083,50319,2026-01-18,Electronics Bonus (1.5x),3,272.22,408.33,3591.29
CUST_083,50319,2026-01-18,Health Bonus (2x),2,289.92,579.84,4171.13
CUST_083,50331,2026-01-18,Health Bonus (2x),2,62.84,125.68,4296.8099999999995
CUST_083,50331,2026-01-18,Standard Earn,3,304.68,304.68,4601.49
CUST_083,50377,2026-01-18,Health Bonus (2x),2,14.54,29.08,4630.57
CUST_083,50377,2026-01-18,Electronics Bonus (1.5x),3,418.11,627.16,5257.73
CUST_083,50377,2026-01-18,Standard Earn,2,185.72,185.72,5443.45
CUST_083,50377,2026-01-18,Standard Earn,3,119.85,119.85,5563.3
CUST_084,50342,2026-01-18,Health Bonus (2x),2,133.3,266.6,266.6
CUST_084,50342,2026-01-18,Electronics Bonus (1.5x),3,418.11,627.16,893.76
CUST_085,50192,2026-01-16,Standard Earn,1,62.26,62.26,62.26
CUST_086,50059,2026-01-13,Health Bonus (2x),2,14.54,29.08,29.08
CUST_086,50059,2026-01-13,Standard Earn,1,125.81,125.81,154.89
CUST_086,50059,2026-01-13,Standard Earn,3,278.58,278.58,433.46999999999997
CUST_086,50307,2026-01-17,Standard Earn,1,127.13,127.13,560.5999999999999
CUST_086,50307,2026-01-17,Standard Earn,3,186.9,186.9,747.5
CUST_086,50307,2026-01-17,Standard Earn,3,382.38,382.38,1129.88
CUST_086,50307,2026-01-17,Standard Earn,3,381.39,381.39,1511.27
CUST_086,50307,2026-01-17,Electronics Bonus (1.5x),2,181.48,272.22,1783.49
CUST_086,50357,2026-01-18,Health Bonus (2x),1,31.42,62.84,1846.33
CUST_086,50357,2026-01-18,Health Bonus (2x),1,93.45,186.9,2033.23
CUST_088,50102,2026-01-14,Standard Earn,2,256.52,256.52,256.52
CUST_088,50102,2026-01-14,Electronics Bonus (1.5x),1,18.83,28.24,284.76
CUST_088,50102,2026-01-14,Electronics Bonus (1.5x),2,203.96,305.94,590.7
CUST_088,50102,2026-01-14,Standard Earn,2,89.66,89.66,680.36
CUST_088,50102,2026-01-14,Health Bonus (2x),1,66.65,133.3,813.66
CUST_088,50276,2026-01-17,Standard Earn,1,58.77,58.77,872.43
CUST_088,50302,2026-01-17,Standard Earn,3,340.08,340.08,1212.51
CUST_088,50302,2026-01-17,Standard Earn,3,377.43,377.43,1589.94
CUST_088,50302,2026-01-17,Electronics Bonus (1.5x),2,37.66,56.49,1646.43
CUST_088,50302,2026-01-17,Electronics Bonus (1.5x),2,90.04,135.06,1781.49
CUST_088,50302,2026-01-17,Standard Earn,1,127.13,127.13,1908.62
CUST_088,50323,2026-01-18,Health Bonus (2x),1,9.54,19.08,1927.7
CUST_088,50323,2026-01-18,Electronics Bonus (1.5x),1,144.37,216.56,2144.26
CUST_088,50323,2026-01-18,Health Bonus (2x),3,279.06,558.12,2702.38
CUST_088,50323,2026-01-18,Electronics Bonus (1.5x),2,278.62,417.93,3120.31
CUST_088,50323,2026-01-18,Standard Earn,3,142.68,142.68,3262.99
CUST_088,50380,2026-01-18,Electronics Bonus (1.5x),2,278.62,417.93,3680.92
CUST_088,50380,2026-01-18,Standard Earn,2,132.78,132.78,3813.7
CUST_088,50380,2026-01-18,Health Bonus (2x),2,14.08,28.16,3841.86
CUST_088,50380,2026-01-18,Standard Earn,2,166.52,166.52,4008.38
CUST_088,50380,2026-01-18,Health Bonus (2x),3,343.59,687.18,4695.5599999999995
CUST_089,50004,2026-01-12,Standard Earn,3,90.42,90.42,90.42
CUST_089,50004,2026-01-12,Standard Earn,1,137.67,137.67,228.08999999999997
CUST_089,50069,2026-01-13,Standard Earn,1,35.15,35.15,263.24
CUST_089,50080,2026-01-13,Electronics Bonus (1.5x),2,288.74,433.11,696.35
CUST_089,50080,2026-01-13,Standard Earn,2,254.92,254.92,951.27
CUST_089,50080,2026-01-13,Health Bonus (2x),3,279.06,558.12,1509.3899999999999
CUST_089,50193,2026-01-16,Electronics Bonus (1.5x),1,18.83,28.24,1537.6299999999999
CUST_089,50297,2026-01-17,Standard Earn,1,80.52,80.52,1618.15
CUST_089,50297,2026-01-17,Standard Earn,2,124.6,124.6,1742.75
CUST_089,50311,2026-01-18,Standard Earn,2,79.9,79.9,1822.65
CUST_089,50311,2026-01-18,Electronics Bonus (1.5x),1,45.02,67.53,1890.18
CUST_089,50311,2026-01-18,Standard Earn,2,132.78,132.78,2022.96
CUST_089,50311,2026-01-18,Health Bonus (2x),3,343.59,687.18,2710.14
CUST_089,50311,2026-01-18,Standard Earn,1,30.14,30.14,2740.2799999999997
CUST_091,50017,2026-01-12,Standard Earn,1,92.86,92.86,92.86
CUST_091,50017,2026-01-12,Standard Earn,2,95.92,95.92,188.78
CUST_091,50017,2026-01-12,Standard Earn,3,263.13,263.13,451.90999999999997
CUST_091,50017,2026-01-12,Standard Earn,1,99.41,99.41,551.3199999999999
CUST_091,50063,2026-01-13,Standard Earn,1,113.36,113.36,664.68
CUST_091,50093,2026-01-14,Health Bonus (2x),3,28.62,57.24,721.92
CUST_091,50093,2026-01-14,Electronics Bonus (1.5x),3,433.11,649.66,1371.58
CUST_091,50093,2026-01-14,Standard Earn,2,251.62,251.62,1623.1999999999998
CUST_091,50093,2026-01-14,Standard Earn,2,89.66,89.66,1712.86
CUST_091,50093,2026-01-14,Health Bonus (2x),3,280.35,560.7,2273.56
CUST_091,50133,2026-01-15,Health Bonus (2x),2,229.06,458.12,2731.68
CUST_091,50133,2026-01-15,Standard Earn,2,175.42,175.42,2907.1
CUST_091,50133,2026-01-15,Standard Earn,2,175.42,175.42,3082.52
CUST_091,50133,2026-01-15,Standard Earn,1,127.13,127.13,3209.65
CUST_091,50133,2026-01-15,Standard Earn,2,57.92,57.92,3267.5699999999997
CUST_091,50176,2026-01-16,Standard Earn,3,142.68,142.68,3410.25
CUST_091,50176,2026-01-16,Standard Earn,3,143.88,143.88,3554.13
CUST_091,50176,2026-01-16,Standard Earn,3,90.42,90.42,3644.5499999999997
CUST_091,50176,2026-01-16,Health Bonus (2x),3,21.81,43.62,3688.17
CUST_091,50176,2026-01-16,Standard Earn,2,239.16,239.16,3927.33
CUST_092,50072,2026-01-13,Health Bonus (2x),2,133.3,266.6,266.6
CUST_092,50072,2026-01-13,Standard Earn,2,198.82,198.82,465.42
CUST_092,50072,2026-01-13,Standard Earn,2,161.04,161.04,626.46
CUST_092,50144,2026-01-15,Standard Earn,1,66.39,66.39,692.85
CUST_092,50156,2026-01-15,Standard Earn,2,95.92,95.92,788.77
CUST_092,50156,2026-01-15,Electronics Bonus (1.5x),3,272.22,408.33,1197.1
CUST_092,50156,2026-01-15,Standard Earn,2,239.16,239.16,1436.26
CUST_092,50156,2026-01-15,Health Bonus (2x),3,21.81,43.62,1479.88
CUST_092,50156,2026-01-15,Standard Earn,2,208.14,208.14,1688.02
CUST_092,50252,2026-01-17,Standard Earn,2,89.66,89.66,1777.68
CUST_092,50252,2026-01-17,Standard Earn,2,70.3,70.3,1847.98
CUST_092,50252,2026-01-17,Standard Earn,1,110.45,110.45,1958.43
CUST_092,50252,2026-01-17,Electronics Bonus (1.5x),3,210.51,315.76,2274.19
CUST_092,50258,2026-01-17,Standard Earn,1,35.15,35.15,2309.34
CUST_092,50258,2026-01-17,Standard Earn,1,83.26,83.26,2392.6
CUST_092,50258,2026-01-17,Electronics Bonus (1.5x),1,70.21,105.32,2497.92
CUST_092,50258,2026-01-17,Standard Earn,1,80.52,80.52,2578.44
CUST_092,50258,2026-01-17,Standard Earn,2,226.72,226.72,2805.16
CUST_092,50294,2026-01-17,Standard Earn,3,331.35,331.35,3136.51
CUST_092,50294,2026-01-17,Health Bonus (2x),2,14.08,28.16,3164.67
CUST_092,50294,2026-01-17,Standard Earn,3,249.78,249.78,3414.45
CUST_092,50294,2026-01-17,Standard Earn,1,127.46,127.46,3541.91
CUST_092,50294,2026-01-17,Standard Earn,3,157.05,157.05,3698.96
CUST_093,50110,2026-01-14,Standard Earn,3,298.23,298.23,298.23
CUST_093,50110,2026-01-14,Standard Earn,2,132.78,132.78,431.01
CUST_093,50110,2026-01-14,Health Bonus (2x),2,19.08,38.16,469.17
CUST_093,50110,2026-01-14,Electronics Bonus (1.5x),2,278.62,417.93,887.1
CUST_093,50110,2026-01-14,Standard Earn,1,127.13,127.13,1014.23
CUST_095,50025,2026-01-12,Electronics Bonus (1.5x),3,185.1,277.65,277.65
CUST_095,50025,2026-01-12,Standard Earn,3,143.88,143.88,421.53
CUST_095,50025,2026-01-12,Electronics Bonus (1.5x),2,123.4,185.1,606.63
CUST_095,50025,2026-01-12,Standard Earn,3,157.05,157.05,763.68
CUST_095,50114,2026-01-14,Health Bonus (2x),1,114.53,229.06,992.74
CUST_095,50114,2026-01-14,Standard Earn,3,270.24,270.24,1262.98
CUST_095,50114,2026-01-14,Standard Earn,3,241.56,241.56,1504.54
CUST_095,50114,2026-01-14,Standard Earn,1,127.13,127.13,1631.67
CUST_095,50165,2026-01-16,Electronics Bonus (1.5x),2,140.34,210.51,1842.18
CUST_095,50165,2026-01-16,Standard Earn,2,185.72,185.72,2027.9
CUST_095,50165,2026-01-16,Health Bonus (2x),2,14.08,28.16,2056.06
CUST_095,50212,2026-01-16,Standard Earn,3,134.49,134.49,2190.55
CUST_095,50212,2026-01-16,Electronics Bonus (1.5x),2,90.04,135.06,2325.61
CUST_095,50212,2026-01-16,Electronics Bonus (1.5x),2,181.48,272.22,2597.83
CUST_095,50212,2026-01-16,Health Bonus (2x),3,94.26,188.52,2786.35
CUST_095,50343,2026-01-18,Health Bonus (2x),1,66.65,133.3,2919.65
CUST_095,50343,2026-01-18,Standard Earn,2,79.9,79.9,2999.55
CUST_095,50343,2026-01-18,Standard Earn,1,47.96,47.96,3047.51
CUST_097,50301,2026-01-17,Electronics Bonus (1.5x),3,305.94,458.91,458.91
CUST_097,50301,2026-01-17,Electronics Bonus (1.5x),2,278.74,418.11,877.02
CUST_097,50301,2026-01-17,Standard Earn,2,208.14,208.14,1085.16
CUST_097,50301,2026-01-17,Standard Earn,3,358.74,358.74,1443.9
CUST_097,50301,2026-01-17,Standard Earn,1,99.41,99.41,1543.31
CUST_098,50018,2026-01-12,Standard Earn,2,117.54,117.54,117.54
CUST_098,50018,2026-01-12,Standard Earn,2,208.14,208.14,325.68
CUST_098,50018,2026-01-12,Electronics Bonus (1.5x),1,70.17,105.26,430.94
CUST_098,50018,2026-01-12,Standard Earn,3,384.78,384.78,815.72
CUST_098,50018,2026-01-12,Electronics Bonus (1.5x),1,139.37,209.06,1024.78
CUST_098,50029,2026-01-12,Standard Earn,3,105.45,105.45,1130.23
CUST_098,50029,2026-01-12,Standard Earn,2,174.64,174.64,1304.87
CUST_098,50029,2026-01-12,Standard Earn,1,44.83,44.83,1349.7
CUST_098,50029,2026-01-12,Standard Earn,2,180.16,180.16,1529.86
CUST_098,50075,2026-01-13,Electronics Bonus (1.5x),3,210.51,315.76,1845.62
CUST_098,50075,2026-01-13,Standard Earn,1,90.08,90.08,1935.7
CUST_098,50075,2026-01-13,Electronics Bonus (1.5x),1,139.37,209.06,2144.7599999999998
CUST_098,50075,2026-01-13,Standard Earn,2,161.04,161.04,2305.7999999999997
CUST_098,50075,2026-01-13,Health Bonus (2x),1,66.65,133.3,2439.1
CUST_098,50086,2026-01-14,Standard Earn,1,87.32,87.32,2526.42
CUST_098,50086,2026-01-14,Health Bonus (2x),1,93.45,186.9,2713.3199999999997
CUST_098,50086,2026-01-14,Electronics Bonus (1.5x),3,185.1,277.65,2990.97
CUST_098,50086,2026-01-14,Standard Earn,3,119.85,119.85,3110.8199999999997
CUST_098,50086,2026-01-14,Electronics Bonus (1.5x),2,203.96,305.94,3416.7599999999998
CUST_098,50207,2026-01-16,Health Bonus (2x),1,9.54,19.08,3435.8399999999997
CUST_098,50325,2026-01-18,Standard Earn,1,104.07,104.07,3539.91
CUST_098,50325,2026-01-18,Standard Earn,1,110.45,110.45,3650.3599999999997
CUST_098,50325,2026-01-18,Standard Earn,3,134.49,134.49,3784.85
CUST_098,50364,2026-01-18,Standard Earn,2,251.62,251.62,4036.47
CUST_098,50364,2026-01-18,Electronics Bonus (1.5x),1,101.98,152.97,4189.44
CUST_098,50384,2026-01-18,Electronics Bonus (1.5x),3,56.49,84.74,4274.18
CUST_100,50213,2026-01-16,Standard Earn,1,128.26,128.26,128.26
CUST_100,50213,2026-01-16,Standard Earn,3,381.39,381.39,509.65
CUST_100,50213,2026-01-16,Electronics Bonus (1.5x),3,433.11,649.66,1159.31
CUST_100,50213,2026-01-16,Health Bonus (2x),1,144.96,289.92,1449.23
CUST_105,50208,2026-01-16,Electronics Bonus (1.5x),1,101.98,152.97,152.97
CUST_105,50208,2026-01-16,Health Bonus (2x),2,186.04,372.08,525.05
CUST_105,50305,2026-01-17,Standard Earn,3,176.31,176.31,701.36
CUST_105,50305,2026-01-17,Electronics Bonus (1.5x),1,70.17,105.26,806.62
CUST_105,50305,2026-01-17,Health Bonus (2x),1,114.53,229.06,1035.68
CUST_105,50305,2026-01-17,Standard Earn,3,186.78,186.78,1222.46
CUST_106,50221,2026-01-16,Health Bonus (2x),3,280.35,560.7,560.7
CUST_107,50120,2026-01-14,Standard Earn,3,381.39,381.39,381.39
CUST_107,50120,2026-01-14,Standard Earn,2,79.9,79.9,461.28999999999996
CUST_107,50120,2026-01-14,Standard Earn,1,137.67,137.67,598.96
CUST_107,50120,2026-01-14,Health Bonus (2x),2,19.08,38.16,637.12
CUST_107,50186,2026-01-16,Standard Earn,3,413.01,413.01,1050.13
CUST_107,50186,2026-01-16,Health Bonus (2x),1,9.54,19.08,1069.21
CUST_107,50186,2026-01-16,Standard Earn,3,119.85,119.85,1189.06
CUST_107,50186,2026-01-16,Standard Earn,3,340.08,340.08,1529.1399999999999
CUST_107,50279,2026-01-17,Health Bonus (2x),3,343.59,687.18,2216.3199999999997
CUST_107,50279,2026-01-17,Standard Earn,1,28.96,28.96,2245.2799999999997
CUST_107,50279,2026-01-17,Standard Earn,2,220.9,220.9,2466.18
CUST_107,50279,2026-01-17,Standard Earn,3,381.39,381.39,2847.5699999999997
CUST_107,50303,2026-01-17,Electronics Bonus (1.5x),1,70.21,105.32,2952.89
CUST_107,50303,2026-01-17,Standard Earn,1,52.35,52.35,3005.24
CUST_107,50303,2026-01-17,Standard Earn,1,90.08,90.08,3095.3199999999997
CUST_108,50210,2026-01-16,Standard Earn,3,384.78,384.78,384.78
CUST_108,50210,2026-01-16,Standard Earn,1,101.56,101.56,486.34
CUST_108,50210,2026-01-16,Electronics Bonus (1.5x),1,70.21,105.32,591.66
CUST_108,50211,2026-01-16,Standard Earn,3,278.58,278.58,870.24
CUST_108,50211,2026-01-16,Standard Earn,1,90.08,90.08,960.3199999999999
CUST_108,50211,2026-01-16,Health Bonus (2x),3,279.06,558.12,1518.44
CUST_108,50227,2026-01-16,Electronics Bonus (1.5x),2,278.74,418.11,1936.55
CUST_109,50111,2026-01-14,Electronics Bonus (1.5x),1,61.7,92.55,92.55
CUST_109,50111,2026-01-14,Standard Earn,3,157.05,157.05,249.60000000000002
CUST_109,50111,2026-01-14,Health Bonus (2x),3,279.06,558.12,807.72
CUST_109,50175,2026-01-16,Electronics Bonus (1.5x),3,185.1,277.65,1085.37
CUST_109,50183,2026-01-16,Standard Earn,3,358.74,358.74,1444.1100000000001
CUST_109,50263,2026-01-17,Health Bonus (2x),2,62.84,125.68,1569.79
CUST_109,50263,2026-01-17,Standard Earn,1,62.3,62.3,1632.09
CUST_110,50154,2026-01-15,Standard Earn,2,185.72,185.72,185.72
CUST_110,50154,2026-01-15,Standard Earn,1,87.32,87.32,273.03999999999996
CUST_110,50154,2026-01-15,Standard Earn,3,358.74,358.74,631.78
CUST_110,50154,2026-01-15,Standard Earn,1,92.86,92.86,724.64
CUST_110,50154,2026-01-15,Standard Earn,3,186.9,186.9,911.54
CUST_110,50172,2026-01-16,Standard Earn,1,83.26,83.26,994.8
CUST_110,50172,2026-01-16,Electronics Bonus (1.5x),2,181.48,272.22,1267.02
CUST_110,50172,2026-01-16,Electronics Bonus (1.5x),1,70.21,105.32,1372.34
CUST_110,50180,2026-01-16,Standard Earn,3,312.21,312.21,1684.55
CUST_110,50180,2026-01-16,Electronics Bonus (1.5x),2,278.74,418.11,2102.66
CUST_110,50180,2026-01-16,Electronics Bonus (1.5x),2,288.74,433.11,2535.77
CUST_110,50180,2026-01-16,Standard Earn,2,166.52,166.52,2702.29
CUST_110,50180,2026-01-16,Electronics Bonus (1.5x),3,135.06,202.59,2904.88
CUST_110,50360,2026-01-18,Electronics Bonus (1.5x),1,139.37,209.06,3113.94
CUST_110,50360,2026-01-18,Standard Earn,2,89.66,89.66,3203.6
CUST_110,50360,2026-01-18,Standard Earn,2,132.78,132.78,3336.38
CUST_112,50322,2026-01-18,Health Bonus (2x),1,9.54,19.08,19.08
CUST_112,50322,2026-01-18,Electronics Bonus (1.5x),2,90.04,135.06,154.14
CUST_112,50322,2026-01-18,Standard Earn,3,90.42,90.42,244.56
CUST_112,50322,2026-01-18,Standard Earn,2,175.42,175.42,419.97999999999996
CUST_114,50050,2026-01-13,Electronics Bonus (1.5x),1,90.74,136.11,136.11
CUST_114,50050,2026-01-13,Standard Earn,3,312.21,312.21,448.32
CUST_114,50050,2026-01-13,Health Bonus (2x),2,186.04,372.08,820.4
CUST_114,50050,2026-01-13,Health Bonus (2x),2,186.04,372.08,1192.48
CUST_114,50050,2026-01-13,Health Bonus (2x),2,14.08,28.16,1220.6399999999999
CUST_114,50052,2026-01-13,Standard Earn,1,101.56,101.56,1322.2
CUST_114,50052,2026-01-13,Standard Earn,3,381.39,381.39,1703.59
CUST_114,50052,2026-01-13,Standard Earn,3,312.21,312.21,2015.8
CUST_114,50074,2026-01-13,Health Bonus (2x),3,279.06,558.12,2573.92
CUST_114,50074,2026-01-13,Health Bonus (2x),2,14.54,29.08,2603.0
CUST_114,50074,2026-01-13,Health Bonus (2x),3,434.88,869.76,3472.7599999999998
CUST_114,50074,2026-01-13,Standard Earn,2,256.52,256.52,3729.2799999999997
CUST_114,50336,2026-01-18,Electronics Bonus (1.5x),1,139.37,209.06,3938.3399999999997
CUST_114,50336,2026-01-18,Electronics Bonus (1.5x),3,418.11,627.16,4565.5
CUST_114,50336,2026-01-18,Electronics Bonus (1.5x),3,418.11,627.16,5192.66
CUST_114,50336,2026-01-18,Standard Earn,1,30.14,30.14,5222.8
CUST_115,50040,2026-01-12,Health Bonus (2x),3,21.81,43.62,43.62
CUST_115,50040,2026-01-12,Standard Earn,2,57.92,57.92,101.53999999999999
CUST_115,50100,2026-01-14,Standard Earn,1,52.35,52.35,153.89
CUST_115,50100,2026-01-14,Standard Earn,3,377.43,377.43,531.3199999999999
CUST_115,50215,2026-01-16,Health Bonus (2x),3,94.26,188.52,719.84
CUST_115,50215,2026-01-16,Standard Earn,3,186.9,186.9,906.74
CUST_115,50215,2026-01-16,Standard Earn,3,90.42,90.42,997.16
CUST_115,50366,2026-01-18,Standard Earn,2,254.92,254.92,1252.08
CUST_115,50366,2026-01-18,Health Bonus (2x),2,14.08,28.16,1280.24
CUST_115,50366,2026-01-18,Standard Earn,1,66.39,66.39,1346.6299999999999
CUST_116,50254,2026-01-17,Electronics Bonus (1.5x),1,70.21,105.32,105.32
CUST_116,50254,2026-01-17,Electronics Bonus (1.5x),2,278.74,418.11,523.4300000000001
CUST_116,50254,2026-01-17,Standard Earn,3,199.17,199.17,722.6
CUST_116,50254,2026-01-17,Standard Earn,2,254.92,254.92,977.52
CUST_116,50273,2026-01-17,Electronics Bonus (1.5x),3,185.1,277.65,1255.17
CUST_116,50273,2026-01-17,Standard Earn,2,89.66,89.66,1344.83
CUST_116,50358,2026-01-18,Standard Earn,3,261.96,261.96,1606.79
CUST_116,50358,2026-01-18,Health Bonus (2x),1,108.14,216.28,1823.07
CUST_116,50358,2026-01-18,Standard Earn,2,251.62,251.62,2074.69
CUST_116,50367,2026-01-18,Electronics Bonus (1.5x),1,139.37,209.06,2283.75
CUST_116,50367,2026-01-18,Health Bonus (2x),3,343.59,687.18,2970.93
CUST_116,50367,2026-01-18,Standard Earn,1,39.95,39.95,3010.88
CUST_116,50367,2026-01-18,Health Bonus (2x),1,144.96,289.92,3300.8
CUST_116,50367,2026-01-18,Electronics Bonus (1.5x),1,144.37,216.56,3517.36
CUST_116,50381,2026-01-18,Electronics Bonus (1.5x),1,45.02,67.53,3584.89
CUST_116,50381,2026-01-18,Health Bonus (2x),3,280.35,560.7,4145.59
CUST_116,50381,2026-01-18,Standard Earn,1,62.3,62.3,4207.89
CUST_117,50081,2026-01-14,Standard Earn,3,382.38,382.38,382.38
CUST_117,50081,2026-01-14,Standard Earn,1,47.96,47.96,430.34
CUST_117,50081,2026-01-14,Electronics Bonus (1.5x),2,140.34,210.51,640.85
CUST_117,50241,2026-01-17,Standard Earn,1,33.83,33.83,674.68
CUST_117,50241,2026-01-17,Electronics Bonus (1.5x),2,90.04,135.06,809.74
CUST_117,50241,2026-01-17,Electronics Bonus (1.5x),2,181.48,272.22,1081.96
CUST_117,50241,2026-01-17,Standard Earn,3,101.49,101.49,1183.45
CUST_117,50241,2026-01-17,Standard Earn,1,101.56,101.56,1285.01
CUST_117,50382,2026-01-18,Standard Earn,3,142.68,142.68,1427.69
CUST_117,50382,2026-01-18,Electronics Bonus (1.5x),1,45.02,67.53,1495.22
CUST_117,50382,2026-01-18,Electronics Bonus (1.5x),3,210.51,315.76,1810.98
CUST_117,50382,2026-01-18,Standard Earn,2,254.26,254.26,2065.24
CUST_118,50037,2026-01-12,Standard Earn,2,117.54,117.54,117.54
CUST_118,50037,2026-01-12,Standard Earn,3,358.74,358.74,476.28000000000003
CUST_118,50037,2026-01-12,Standard Earn,3,304.68,304.68,780.96
CUST_118,50037,2026-01-12,Standard Earn,2,117.54,117.54,898.5
CUST_118,50037,2026-01-12,Health Bonus (2x),2,14.54,29.08,927.58
CUST_119,50341,2026-01-18,Electronics Bonus (1.5x),2,278.74,418.11,418.11
CUST_119,50341,2026-01-18,Standard Earn,1,87.32,87.32,505.43
CUST_119,50341,2026-01-18,Standard Earn,2,174.64,174.64,680.0699999999999
CUST_121,50187,2026-01-16,Standard Earn,2,117.54,117.54,117.54
CUST_121,50223,2026-01-16,Standard Earn,2,67.66,67.66,185.2
CUST_121,50223,2026-01-16,Standard Earn,3,86.88,86.88,272.08
CUST_124,50231,2026-01-16,Standard Earn,2,208.14,208.14,208.14
CUST_126,50098,2026-01-14,Standard Earn,1,137.67,137.67,137.67
CUST_126,50098,2026-01-14,Electronics Bonus (1.5x),1,90.74,136.11,273.78
CUST_126,50098,2026-01-14,Standard Earn,1,39.95,39.95,313.73
CUST_126,50098,2026-01-14,Standard Earn,3,312.21,312.21,625.94
CUST_126,50328,2026-01-18,Standard Earn,2,256.52,256.52,882.46
CUST_127,50240,2026-01-17,Health Bonus (2x),2,186.9,373.8,373.8
CUST_127,50240,2026-01-17,Health Bonus (2x),2,14.08,28.16,401.96000000000004
CUST_127,50240,2026-01-17,Standard Earn,1,87.32,87.32,489.28
CUST_128,50229,2026-01-16,Electronics Bonus (1.5x),2,278.62,417.93,417.93
CUST_129,50339,2026-01-18,Standard Earn,1,99.41,99.41,99.41
CUST_129,50339,2026-01-18,Standard Earn,2,117.54,117.54,216.95
CUST_129,50339,2026-01-18,Standard Earn,2,208.14,208.14,425.09
CUST_130,50122,2026-01-15,Electronics Bonus (1.5x),1,61.7,92.55,92.55
CUST_130,50122,2026-01-15,Standard Earn,2,132.78,132.78,225.32999999999998
CUST_130,50122,2026-01-15,Standard Earn,3,186.78,186.78,412.11
CUST_130,50158,2026-01-15,Standard Earn,1,39.95,39.95,452.06
CUST_130,50177,2026-01-16,Standard Earn,2,208.14,208.14,660.2
CUST_130,50238,2026-01-17,Standard Earn,1,33.83,33.83,694.03
CUST_130,50238,2026-01-17,Standard Earn,1,90.08,90.08,784.11
CUST_130,50289,2026-01-17,Standard Earn,2,251.62,251.62,1035.73
CUST_130,50354,2026-01-18,Electronics Bonus (1.5x),2,203.96,305.94,1341.67
CUST_130,50354,2026-01-18,Standard Earn,3,263.13,263.13,1604.8
CUST_131,50009,2026-01-12,Health Bonus (2x),2,14.54,29.08,29.08
CUST_131,50226,2026-01-16,Standard Earn,2,95.12,95.12,124.2
CUST_131,50226,2026-01-16,Standard Earn,2,198.82,198.82,323.02
CUST_131,50226,2026-01-16,Standard Earn,3,90.42,90.42,413.44
CUST_131,50226,2026-01-16,Standard Earn,2,256.52,256.52,669.96
CUST_131,50255,2026-01-17,Standard Earn,2,89.66,89.66,759.62
CUST_132,50006,2026-01-12,Electronics Bonus (1.5x),3,433.11,649.66,649.66
CUST_132,50006,2026-01-12,Health Bonus (2x),3,28.62,57.24,706.9
CUST_132,50006,2026-01-12,Standard Earn,3,278.58,278.58,985.48
CUST_132,50030,2026-01-12,Standard Earn,1,58.77,58.77,1044.25
CUST_132,50083,2026-01-14,Standard Earn,3,304.68,304.68,1348.9299999999998
CUST_132,50083,2026-01-14,Standard Earn,2,89.66,89.66,1438.59
CUST_132,50108,2026-01-14,Standard Earn,1,87.71,87.71,1526.3
CUST_132,50123,2026-01-15,Standard Earn,2,226.72,226.72,1753.02
CUST_132,50123,2026-01-15,Standard Earn,3,331.35,331.35,2084.37
CUST_132,50123,2026-01-15,Health Bonus (2x),1,114.53,229.06,2313.43
CUST_132,50123,2026-01-15,Health Bonus (2x),2,19.08,38.16,2351.59
CUST_132,50123,2026-01-15,Electronics Bonus (1.5x),2,90.04,135.06,2486.65
CUST_132,50146,2026-01-15,Standard Earn,2,95.12,95.12,2581.77
CUST_132,50146,2026-01-15,Standard Earn,1,52.35,52.35,2634.12
CUST_132,50146,2026-01-15,Standard Earn,2,95.12,95.12,2729.24
CUST_132,50225,2026-01-16,Standard Earn,2,208.14,208.14,2937.38
CUST_132,50225,2026-01-16,Standard Earn,3,413.01,413.01,3350.39
CUST_133,50065,2026-01-13,Standard Earn,2,124.6,124.6,124.6
CUST_133,50065,2026-01-13,Standard Earn,1,128.26,128.26,252.85999999999999
CUST_133,50065,2026-01-13,Standard Earn,3,263.13,263.13,515.99
CUST_133,50150,2026-01-15,Standard Earn,3,119.85,119.85,635.84
CUST_133,50150,2026-01-15,Standard Earn,2,208.14,208.14,843.98
CUST_133,50150,2026-01-15,Electronics Bonus (1.5x),3,305.94,458.91,1302.8899999999999
CUST_133,50150,2026-01-15,Electronics Bonus (1.5x),3,56.49,84.74,1387.6299999999999
CUST_133,50162,2026-01-16,Electronics Bonus (1.5x),2,278.74,418.11,1805.74
CUST_133,50217,2026-01-16,Health Bonus (2x),3,279.06,558.12,2363.86
CUST_133,50248,2026-01-17,Health Bonus (2x),2,14.08,28.16,2392.02
CUST_133,50248,2026-01-17,Health Bonus (2x),2,186.04,372.08,2764.1
CUST_133,50248,2026-01-17,Health Bonus (2x),3,280.35,560.7,3324.8
CUST_133,50260,2026-01-17,Standard Earn,1,137.67,137.67,3462.4700000000003
CUST_133,50260,2026-01-17,Health Bonus (2x),3,279.06,558.12,4020.59
CUST_133,50260,2026-01-17,Standard Earn,1,35.15,35.15,4055.7400000000002
CUST_133,50296,2026-01-17,Standard Earn,2,198.82,198.82,4254.56
CUST_133,50356,2026-01-18,Standard Earn,1,127.46,127.46,4382.02
CUST_133,50356,2026-01-18,Standard Earn,1,137.67,137.67,4519.69
CUST_136,50128,2026-01-15,Standard Earn,2,95.92,95.92,95.92
CUST_136,50128,2026-01-15,Standard Earn,1,92.86,92.86,188.78
CUST_136,50128,2026-01-15,Health Bonus (2x),2,14.54,29.08,217.86
CUST_136,50128,2026-01-15,Standard Earn,2,254.26,254.26,472.12
CUST_136,50163,2026-01-16,Standard Earn,3,105.45,105.45,577.57
CUST_136,50163,2026-01-16,Standard Earn,3,384.78,384.78,962.3499999999999
CUST_136,50163,2026-01-16,Standard Earn,1,92.86,92.86,1055.21
CUST_136,50163,2026-01-16,Health Bonus (2x),1,7.27,14.54,1069.75
CUST_136,50173,2026-01-16,Health Bonus (2x),2,289.92,579.84,1649.5900000000001
CUST_136,50173,2026-01-16,Standard Earn,2,180.16,180.16,1829.75
CUST_136,50173,2026-01-16,Standard Earn,1,125.81,125.81,1955.56
CUST_136,50185,2026-01-16,Standard Earn,2,220.9,220.9,2176.46
CUST_136,50185,2026-01-16,Electronics Bonus (1.5x),2,278.74,418.11,2594.57
CUST_136,50185,2026-01-16,Electronics Bonus (1.5x),1,90.74,136.11,2730.6800000000003
CUST_136,50268,2026-01-17,Standard Earn,1,113.36,113.36,2844.04
CUST_136,50268,2026-01-17,Standard Earn,3,105.45,105.45,2949.4900000000002
CUST_136,50353,2026-01-18,Electronics Bonus (1.5x),1,70.17,105.26,3054.75
CUST_137,50031,2026-01-12,Health Bonus (2x),1,108.14,216.28,216.28
CUST_137,50031,2026-01-12,Standard Earn,1,125.81,125.81,342.09000000000003
CUST_137,50078,2026-01-13,Electronics Bonus (1.5x),2,278.74,418.11,760.2
CUST_137,50097,2026-01-14,Health Bonus (2x),2,229.06,458.12,1218.3200000000002
CUST_137,50101,2026-01-14,Standard Earn,2,203.12,203.12,1421.44
CUST_137,50101,2026-01-14,Standard Earn,3,413.01,413.01,1834.45
CUST_137,50101,2026-01-14,Electronics Bonus (1.5x),3,210.51,315.76,2150.21
CUST_137,50101,2026-01-14,Electronics Bonus (1.5x),1,45.02,67.53,2217.7400000000002
CUST_137,50101,2026-01-14,Electronics Bonus (1.5x),1,18.83,28.24,2245.98
CUST_137,50149,2026-01-15,Electronics Bonus (1.5x),3,210.51,315.76,2561.74
CUST_137,50149,2026-01-15,Health Bonus (2x),1,7.04,14.08,2575.82
CUST_137,50149,2026-01-15,Electronics Bonus (1.5x),2,123.4,185.1,2760.92
CUST_137,50178,2026-01-16,Standard Earn,3,331.35,331.35,3092.27
CUST_137,50178,2026-01-16,Standard Earn,3,270.24,270.24,3362.51
CUST_137,50259,2026-01-17,Standard Earn,3,331.35,331.35,3693.86
CUST_137,50259,2026-01-17,Health Bonus (2x),2,289.92,579.84,4273.7
CUST_137,50259,2026-01-17,Electronics Bonus (1.5x),3,135.06,202.59,4476.29
CUST_137,50259,2026-01-17,Standard Earn,2,166.52,166.52,4642.81
CUST_138,50131,2026-01-15,Health Bonus (2x),2,186.04,372.08,372.08
CUST_138,50131,2026-01-15,Electronics Bonus (1.5x),2,278.62,417.93,790.01
CUST_138,50131,2026-01-15,Electronics Bonus (1.5x),2,288.74,433.11,1223.12
CUST_138,50261,2026-01-17,Health Bonus (2x),2,62.84,125.68,1348.8
CUST_138,50261,2026-01-17,Standard Earn,2,132.78,132.78,1481.58
CUST_138,50371,2026-01-18,Health Bonus (2x),3,21.81,43.62,1525.2
CUST_138,50371,2026-01-18,Standard Earn,3,90.42,90.42,1615.62
CUST_139,50062,2026-01-13,Health Bonus (2x),2,229.06,458.12,458.12
CUST_139,50062,2026-01-13,Health Bonus (2x),3,28.62,57.24,515.36
CUST_140,50118,2026-01-14,Health Bonus (2x),3,94.26,188.52,188.52
CUST_140,50118,2026-01-14,Standard Earn,2,95.12,95.12,283.64
CUST_140,50118,2026-01-14,Health Bonus (2x),1,93.45,186.9,470.54
CUST_141,50286,2026-01-17,Standard Earn,3,119.85,119.85,119.85
CUST_141,50286,2026-01-17,Health Bonus (2x),2,289.92,579.84,699.69
CUST_141,50286,2026-01-17,Standard Earn,3,298.23,298.23,997.9200000000001
CUST_141,50286,2026-01-17,Standard Earn,3,105.45,105.45,1103.3700000000001
CUST_141,50286,2026-01-17,Standard Earn,1,62.3,62.3,1165.67
CUST_141,50333,2026-01-18,Standard Earn,3,382.38,382.38,1548.0500000000002
CUST_142,50143,2026-01-15,Health Bonus (2x),2,14.54,29.08,29.08
CUST_142,50143,2026-01-15,Standard Earn,2,254.92,254.92,284.0
CUST_142,50243,2026-01-17,Standard Earn,1,104.07,104.07,388.06999999999994
CUST_142,50243,2026-01-17,Standard Earn,2,256.52,256.52,644.5899999999999
CUST_142,50243,2026-01-17,Health Bonus (2x),2,14.08,28.16,672.7499999999999
CUST_142,50338,2026-01-18,Standard Earn,3,278.58,278.58,951.3299999999999
CUST_142,50338,2026-01-18,Standard Earn,3,142.68,142.68,1094.01
CUST_142,50338,2026-01-18,Electronics Bonus (1.5x),1,70.17,105.26,1199.27
CUST_145,50085,2026-01-14,Electronics Bonus (1.5x),1,18.83,28.24,28.24
CUST_145,50085,2026-01-14,Standard Earn,3,119.85,119.85,148.09
CUST_145,50085,2026-01-14,Electronics Bonus (1.5x),2,90.04,135.06,283.15
CUST_145,50085,2026-01-14,Standard Earn,1,47.96,47.96,331.11
CUST_145,50099,2026-01-14,Standard Earn,2,256.52,256.52,587.63
CUST_145,50174,2026-01-16,Standard Earn,1,99.41,99.41,687.04
CUST_145,50174,2026-01-16,Electronics Bonus (1.5x),1,139.31,208.96,896.0
CUST_145,50174,2026-01-16,Standard Earn,2,104.7,104.7,1000.7
CUST_145,50174,2026-01-16,Health Bonus (2x),2,14.54,29.08,1029.78
CUST_145,50282,2026-01-17,Standard Earn,1,101.56,101.56,1131.34
CUST_145,50282,2026-01-17,Standard Earn,1,39.95,39.95,1171.29
CUST_145,50282,2026-01-17,Health Bonus (2x),1,9.54,19.08,1190.37
CUST_145,50282,2026-01-17,Electronics Bonus (1.5x),3,418.11,627.16,1817.53
CUST_145,50283,2026-01-17,Standard Earn,3,340.08,340.08,2157.61
CUST_146,50071,2026-01-13,Standard Earn,2,208.14,208.14,208.14
CUST_146,50071,2026-01-13,Health Bonus (2x),2,19.08,38.16,246.29999999999998
CUST_146,50071,2026-01-13,Standard Earn,2,254.26,254.26,500.55999999999995
CUST_146,50071,2026-01-13,Health Bonus (2x),1,108.14,216.28,716.8399999999999
CUST_146,50329,2026-01-18,Standard Earn,3,105.45,105.45,822.29
CUST_146,50334,2026-01-18,Standard Earn,3,142.68,142.68,964.97
CUST_150,50239,2026-01-17,Electronics Bonus (1.5x),3,272.22,408.33,408.33
CUST_150,50239,2026-01-17,Standard Earn,2,239.16,239.16,647.49
CUST_150,50239,2026-01-17,Standard Earn,3,312.21,312.21,959.6999999999999
CUST_151,50105,2026-01-14,Standard Earn,1,62.3,62.3,62.3
CUST_152,50048,2026-01-13,Electronics Bonus (1.5x),1,139.37,209.06,209.06
CUST_152,50087,2026-01-14,Standard Earn,1,83.26,83.26,292.32
CUST_152,50132,2026-01-15,Electronics Bonus (1.5x),3,305.94,458.91,751.23
CUST_152,50132,2026-01-15,Standard Earn,2,175.42,175.42,926.65
CUST_152,50132,2026-01-15,Standard Earn,1,80.52,80.52,1007.17
CUST_152,50194,2026-01-16,Health Bonus (2x),2,62.84,125.68,1132.85
CUST_152,50200,2026-01-16,Health Bonus (2x),2,14.54,29.08,1161.93
CUST_152,50200,2026-01-16,Electronics Bonus (1.5x),3,185.1,277.65,1439.58
CUST_152,50206,2026-01-16,Electronics Bonus (1.5x),3,433.11,649.66,2089.24
CUST_152,50206,2026-01-16,Electronics Bonus (1.5x),1,45.02,67.53,2156.77
CUST_152,50206,2026-01-16,Electronics Bonus (1.5x),1,139.31,208.96,2365.73
CUST_152,50206,2026-01-16,Standard Earn,2,132.78,132.78,2498.51
CUST_152,50220,2026-01-16,Health Bonus (2x),2,14.08,28.16,2526.67
CUST_152,50220,2026-01-16,Electronics Bonus (1.5x),1,90.74,136.11,2662.78
CUST_152,50220,2026-01-16,Standard Earn,2,198.82,198.82,2861.6
CUST_152,50220,2026-01-16,Electronics Bonus (1.5x),2,140.42,210.63,3072.23
CUST_152,50234,2026-01-16,Standard Earn,3,199.17,199.17,3271.4
CUST_152,50234,2026-01-16,Standard Earn,2,208.14,208.14,3479.54
CUST_152,50234,2026-01-16,Standard Earn,3,86.88,86.88,3566.42
CUST_152,50376,2026-01-18,Electronics Bonus (1.5x),2,90.04,135.06,3701.48
CUST_154,50041,2026-01-13,Health Bonus (2x),2,216.28,432.56,432.56
CUST_154,50041,2026-01-13,Standard Earn,1,44.83,44.83,477.39
CUST_154,50041,2026-01-13,Standard Earn,3,101.49,101.49,578.88
CUST_154,50041,2026-01-13,Electronics Bonus (1.5x),1,45.02,67.53,646.41
CUST_154,50041,2026-01-13,Standard Earn,1,83.26,83.26,729.67
CUST_154,50126,2026-01-15,Standard Earn,3,142.68,142.68,872.35
CUST_154,50126,2026-01-15,Standard Earn,1,47.96,47.96,920.3100000000001
CUST_154,50126,2026-01-15,Standard Earn,2,275.34,275.34,1195.65
CUST_154,50199,2026-01-16,Standard Earn,3,101.49,101.49,1297.1399999999999
CUST_154,50199,2026-01-16,Standard Earn,2,95.12,95.12,1392.26
CUST_154,50199,2026-01-16,Standard Earn,2,124.6,124.6,1516.86
CUST_156,50197,2026-01-16,Standard Earn,3,382.38,382.38,382.38
CUST_158,50348,2026-01-18,Health Bonus (2x),2,289.92,579.84,579.84
CUST_160,50166,2026-01-16,Standard Earn,3,199.17,199.17,199.17
CUST_160,50272,2026-01-17,Health Bonus (2x),3,280.35,560.7,759.87
CUST_160,50272,2026-01-17,Electronics Bonus (1.5x),2,123.4,185.1,944.97
CUST_160,50272,2026-01-17,Standard Earn,2,60.28,60.28,1005.25
CUST_160,50272,2026-01-17,Electronics Bonus (1.5x),3,135.06,202.59,1207.84
CUST_160,50272,2026-01-17,Standard Earn,1,39.95,39.95,1247.79
CUST_160,50355,2026-01-18,Health Bonus (2x),1,31.42,62.84,1310.63
CUST_160,50355,2026-01-18,Standard Earn,3,381.39,381.39,1692.02
CUST_161,50300,2026-01-17,Standard Earn,1,110.45,110.45,110.45
CUST_161,50300,2026-01-17,Electronics Bonus (1.5x),3,185.1,277.65,388.09999999999997
CUST_163,50130,2026-01-15,Electronics Bonus (1.5x),3,185.1,277.65,277.65
CUST_163,50130,2026-01-15,Standard Earn,1,99.41,99.41,377.05999999999995
CUST_163,50130,2026-01-15,Electronics Bonus (1.5x),3,305.94,458.91,835.97
CUST_163,50136,2026-01-15,Health Bonus (2x),3,280.35,560.7,1396.67
CUST_163,50136,2026-01-15,Standard Earn,3,413.01,413.01,1809.68
CUST_163,50136,2026-01-15,Health Bonus (2x),3,21.12,42.24,1851.92
CUST_163,50136,2026-01-15,Health Bonus (2x),3,434.88,869.76,2721.6800000000003
CUST_163,50159,2026-01-15,Standard Earn,1,62.26,62.26,2783.94
CUST_163,50159,2026-01-15,Standard Earn,2,117.54,117.54,2901.48
CUST_163,50189,2026-01-16,Standard Earn,2,166.52,166.52,3068.0
CUST_163,50189,2026-01-16,Standard Earn,1,47.56,47.56,3115.56
CUST_163,50189,2026-01-16,Health Bonus (2x),1,9.54,19.08,3134.64
CUST_163,50189,2026-01-16,Standard Earn,2,70.3,70.3,3204.94
CUST_163,50189,2026-01-16,Health Bonus (2x),2,14.08,28.16,3233.1
CUST_163,50373,2026-01-18,Health Bonus (2x),1,93.45,186.9,3420.0
CUST_166,50047,2026-01-13,Electronics Bonus (1.5x),1,139.31,208.96,208.96
CUST_166,50090,2026-01-14,Standard Earn,1,119.58,119.58,328.54
CUST_166,50106,2026-01-14,Health Bonus (2x),1,7.27,14.54,343.08
CUST_166,50106,2026-01-14,Standard Earn,1,87.32,87.32,430.4
CUST_166,50203,2026-01-16,Standard Earn,3,263.13,263.13,693.53
CUST_166,50203,2026-01-16,Standard Earn,1,90.08,90.08,783.61
CUST_166,50203,2026-01-16,Health Bonus (2x),2,289.92,579.84,1363.45
CUST_166,50203,2026-01-16,Standard Earn,2,89.66,89.66,1453.1100000000001
CUST_166,50203,2026-01-16,Health Bonus (2x),1,93.45,186.9,1640.01
CUST_167,50011,2026-01-12,Standard Earn,3,199.17,199.17,199.17
CUST_167,50011,2026-01-12,Standard Earn,1,128.26,128.26,327.42999999999995
CUST_167,50011,2026-01-12,Standard Earn,2,124.6,124.6,452.03
CUST_167,50011,2026-01-12,Health Bonus (2x),2,133.3,266.6,718.63
CUST_167,50011,2026-01-12,Health Bonus (2x),2,229.06,458.12,1176.75
CUST_167,50038,2026-01-12,Standard Earn,1,39.95,39.95,1216.7
CUST_167,50038,2026-01-12,Health Bonus (2x),3,28.62,57.24,1273.94
CUST_167,50038,2026-01-12,Standard Earn,3,186.9,186.9,1460.84
CUST_167,50038,2026-01-12,Standard Earn,3,105.45,105.45,1566.29
CUST_167,50038,2026-01-12,Standard Earn,3,186.9,186.9,1753.19
CUST_167,50147,2026-01-15,Electronics Bonus (1.5x),2,90.04,135.06,1888.25
CUST_167,50147,2026-01-15,Standard Earn,2,198.82,198.82,2087.07
CUST_167,50147,2026-01-15,Electronics Bonus (1.5x),1,70.21,105.32,2192.39
CUST_167,50147,2026-01-15,Standard Earn,2,161.04,161.04,2353.43
CUST_167,50147,2026-01-15,Standard Earn,2,161.04,161.04,2514.47
CUST_167,50167,2026-01-16,Standard Earn,3,340.08,340.08,2854.55
CUST_167,50167,2026-01-16,Standard Earn,3,340.08,340.08,3194.63
CUST_167,50167,2026-01-16,Health Bonus (2x),3,279.06,558.12,3752.75
CUST_167,50167,2026-01-16,Standard Earn,2,60.28,60.28,3813.03
CUST_167,50290,2026-01-17,Health Bonus (2x),2,216.28,432.56,4245.59
CUST_167,50290,2026-01-17,Standard Earn,1,110.45,110.45,4356.04
CUST_167,50290,2026-01-17,Electronics Bonus (1.5x),3,418.11,627.16,4983.2
CUST_167,50290,2026-01-17,Standard Earn,1,58.77,58.77,5041.97
CUST_168,50001,2026-01-12,Standard Earn,2,166.52,166.52,166.52
CUST_168,50001,2026-01-12,Electronics Bonus (1.5x),1,139.31,208.96,375.48
CUST_168,50001,2026-01-12,Standard Earn,3,270.24,270.24,645.72
CUST_168,50001,2026-01-12,Standard Earn,2,124.6,124.6,770.32
CUST_168,50002,2026-01-12,Health Bonus (2x),3,280.35,560.7,1331.02
CUST_168,50002,2026-01-12,Standard Earn,2,254.26,254.26,1585.2800000000002
CUST_168,50002,2026-01-12,Electronics Bonus (1.5x),3,418.11,627.16,2212.44
CUST_168,50002,2026-01-12,Standard Earn,2,254.26,254.26,2466.7
CUST_168,50049,2026-01-13,Standard Earn,2,251.62,251.62,2718.32
CUST_168,50049,2026-01-13,Standard Earn,2,198.82,198.82,2917.14
CUST_168,50049,2026-01-13,Standard Earn,1,66.39,66.39,2983.53
CUST_168,50049,2026-01-13,Health Bonus (2x),3,343.59,687.18,3670.71
CUST_168,50049,2026-01-13,Standard Earn,2,175.42,175.42,3846.13
CUST_168,50117,2026-01-14,Health Bonus (2x),2,14.08,28.16,3874.29
CUST_168,50191,2026-01-16,Health Bonus (2x),2,186.04,372.08,4246.37
CUST_168,50191,2026-01-16,Electronics Bonus (1.5x),2,181.48,272.22,4518.59
CUST_169,50092,2026-01-14,Standard Earn,1,87.32,87.32,87.32
CUST_169,50092,2026-01-14,Standard Earn,3,143.88,143.88,231.2
CUST_169,50092,2026-01-14,Standard Earn,3,119.85,119.85,351.04999999999995
CUST_169,50359,2026-01-18,Standard Earn,2,60.28,60.28,411.33
CUST_169,50359,2026-01-18,Electronics Bonus (1.5x),2,278.74,418.11,829.44
CUST_169,50359,2026-01-18,Standard Earn,3,331.35,331.35,1160.79
CUST_169,50359,2026-01-18,Standard Earn,1,99.41,99.41,1260.2
CUST_169,50359,2026-01-18,Standard Earn,3,157.05,157.05,1417.25
CUST_170,50044,2026-01-13,Standard Earn,1,90.08,90.08,90.08
CUST_170,50044,2026-01-13,Electronics Bonus (1.5x),1,101.98,152.97,243.05
CUST_170,50044,2026-01-13,Electronics Bonus (1.5x),3,135.06,202.59,445.64
CUST_170,50044,2026-01-13,Standard Earn,1,119.58,119.58,565.22
CUST_170,50044,2026-01-13,Standard Earn,3,263.13,263.13,828.3499999999999
CUST_170,50056,2026-01-13,Standard Earn,2,198.82,198.82,1027.17
CUST_170,50056,2026-01-13,Standard Earn,2,180.16,180.16,1207.33
CUST_170,50056,2026-01-13,Health Bonus (2x),2,14.08,28.16,1235.49
CUST_170,50056,2026-01-13,Health Bonus (2x),3,324.42,648.84,1884.33
CUST_170,50056,2026-01-13,Standard Earn,1,87.32,87.32,1971.65
CUST_170,50155,2026-01-15,Standard Earn,2,117.54,117.54,2089.19
CUST_170,50222,2026-01-16,Standard Earn,1,52.35,52.35,2141.54
CUST_170,50247,2026-01-17,Standard Earn,3,142.68,142.68,2284.2200000000003
CUST_170,50247,2026-01-17,Health Bonus (2x),1,144.96,289.92,2574.1400000000003
CUST_172,50010,2026-01-12,Standard Earn,3,143.88,143.88,143.88
CUST_172,50010,2026-01-12,Standard Earn,3,413.01,413.01,556.89
CUST_172,50141,2026-01-15,Standard Earn,3,261.96,261.96,818.8499999999999
CUST_172,50188,2026-01-16,Standard Earn,2,275.34,275.34,1094.19
CUST_172,50188,2026-01-16,Health Bonus (2x),1,144.96,289.92,1384.11
CUST_172,50188,2026-01-16,Health Bonus (2x),1,31.42,62.84,1446.95
CUST_172,50292,2026-01-17,Electronics Bonus (1.5x),3,210.63,315.94,1762.8899999999999
CUST_172,50293,2026-01-17,Health Bonus (2x),1,144.96,289.92,2052.81
CUST_172,50293,2026-01-17,Health Bonus (2x),2,229.06,458.12,2510.93
CUST_172,50293,2026-01-17,Standard Earn,1,52.35,52.35,2563.28
CUST_172,50293,2026-01-17,Standard Earn,1,28.96,28.96,2592.24
CUST_172,50293,2026-01-17,Standard Earn,1,44.83,44.83,2637.07
CUST_172,50312,2026-01-18,Standard Earn,2,220.9,220.9,2857.9700000000003
CUST_172,50312,2026-01-18,Standard Earn,3,381.39,381.39,3239.36
CUST_172,50312,2026-01-18,Electronics Bonus (1.5x),3,418.11,627.16,3866.52
CUST_172,50350,2026-01-18,Standard Earn,2,79.9,79.9,3946.42
CUST_172,50350,2026-01-18,Health Bonus (2x),2,186.9,373.8,4320.22
CUST_172,50350,2026-01-18,Health Bonus (2x),3,280.35,560.7,4880.92
CUST_173,50024,2026-01-12,Standard Earn,3,249.78,249.78,249.78
CUST_173,50024,2026-01-12,Standard Earn,2,251.62,251.62,501.4
CUST_173,50270,2026-01-17,Electronics Bonus (1.5x),2,181.48,272.22,773.62
CUST_173,50270,2026-01-17,Standard Earn,2,220.9,220.9,994.52
CUST_173,50270,2026-01-17,Electronics Bonus (1.5x),2,203.96,305.94,1300.46
CUST_173,50270,2026-01-17,Standard Earn,2,226.72,226.72,1527.18
CUST_173,50270,2026-01-17,Electronics Bonus (1.5x),2,140.42,210.63,1737.81
CUST_173,50298,2026-01-17,Standard Earn,2,124.6,124.6,1862.41
CUST_173,50298,2026-01-17,Standard Earn,3,86.88,86.88,1949.29
CUST_175,50012,2026-01-12,Standard Earn,3,86.88,86.88,86.88
CUST_175,50219,2026-01-16,Standard Earn,1,90.08,90.08,176.95999999999998
CUST_175,50219,2026-01-16,Electronics Bonus (1.5x),3,433.11,649.66,826.6199999999999
CUST_175,50219,2026-01-16,Standard Earn,1,80.52,80.52,907.14
CUST_175,50219,2026-01-16,Standard Earn,1,47.96,47.96,955.1
CUST_175,50219,2026-01-16,Standard Earn,3,134.49,134.49,1089.59
CUST_175,50269,2026-01-17,Standard Earn,1,62.26,62.26,1151.85
CUST_175,50269,2026-01-17,Standard Earn,2,161.04,161.04,1312.8899999999999
CUST_176,50306,2026-01-17,Standard Earn,1,28.96,28.96,28.96
CUST_176,50306,2026-01-17,Electronics Bonus (1.5x),3,305.94,458.91,487.87
CUST_177,50055,2026-01-13,Electronics Bonus (1.5x),1,139.37,209.06,209.06
CUST_177,50055,2026-01-13,Electronics Bonus (1.5x),2,123.4,185.1,394.15999999999997
CUST_177,50182,2026-01-16,Standard Earn,1,47.96,47.96,442.12
CUST_177,50182,2026-01-16,Electronics Bonus (1.5x),1,61.7,92.55,534.67
CUST_177,50182,2026-01-16,Electronics Bonus (1.5x),2,288.74,433.11,967.78
CUST_177,50182,2026-01-16,Standard Earn,1,104.07,104.07,1071.85
CUST_177,50233,2026-01-16,Standard Earn,2,95.12,95.12,1166.97
CUST_177,50233,2026-01-16,Standard Earn,2,95.92,95.92,1262.8899999999999
CUST_177,50318,2026-01-18,Electronics Bonus (1.5x),3,185.1,277.65,1540.54
CUST_177,50318,2026-01-18,Standard Earn,1,125.81,125.81,1666.35
CUST_177,50318,2026-01-18,Standard Earn,1,125.81,125.81,1792.1599999999999
CUST_177,50318,2026-01-18,Standard Earn,3,261.96,261.96,2054.12
CUST_178,50153,2026-01-15,Standard Earn,1,90.08,90.08,90.08
CUST_178,50153,2026-01-15,Standard Earn,2,60.28,60.28,150.36
CUST_178,50153,2026-01-15,Electronics Bonus (1.5x),1,45.02,67.53,217.89
CUST_178,50218,2026-01-16,Standard Earn,2,79.9,79.9,297.79
CUST_178,50347,2026-01-18,Health Bonus (2x),3,434.88,869.76,1167.55
CUST_178,50347,2026-01-18,Standard Earn,3,263.13,263.13,1430.6799999999998
CUST_178,50347,2026-01-18,Standard Earn,2,95.12,95.12,1525.8
CUST_178,50347,2026-01-18,Electronics Bonus (1.5x),1,144.37,216.56,1742.36
CUST_178,50374,2026-01-18,Electronics Bonus (1.5x),1,18.83,28.24,1770.6
CUST_178,50374,2026-01-18,Health Bonus (2x),2,229.06,458.12,2228.72
CUST_178,50374,2026-01-18,Standard Earn,1,58.77,58.77,2287.49
CUST_178,50374,2026-01-18,Standard Earn,2,166.52,166.52,2454.01
CUST_180,50332,2026-01-18,Standard Earn,1,127.46,127.46,127.46
CUST_180,50332,2026-01-18,Standard Earn,3,377.43,377.43,504.89
CUST_180,50332,2026-01-18,Standard Earn,3,270.24,270.24,775.13
CUST_182,50057,2026-01-13,Standard Earn,1,113.36,113.36,113.36
CUST_182,50057,2026-01-13,Standard Earn,2,104.7,104.7,218.06
CUST_182,50349,2026-01-18,Standard Earn,2,70.3,70.3,288.36
CUST_182,50349,2026-01-18,Standard Earn,1,80.52,80.52,368.88
CUST_183,50023,2026-01-12,Standard Earn,3,134.49,134.49,134.49
CUST_183,50023,2026-01-12,Health Bonus (2x),3,343.59,687.18,821.67
CUST_183,50023,2026-01-12,Health Bonus (2x),1,144.96,289.92,1111.59
CUST_183,50023,2026-01-12,Standard Earn,3,199.17,199.17,1310.76
CUST_183,50023,2026-01-12,Health Bonus (2x),3,94.26,188.52,1499.28
CUST_183,50169,2026-01-16,Standard Earn,2,180.16,180.16,1679.44
CUST_183,50169,2026-01-16,Standard Earn,1,62.26,62.26,1741.7
CUST_183,50169,2026-01-16,Standard Earn,3,86.88,86.88,1828.58
CUST_183,50169,2026-01-16,Standard Earn,2,70.3,70.3,1898.8799999999999
CUST_183,50169,2026-01-16,Health Bonus (2x),3,434.88,869.76,2768.64
CUST_184,50137,2026-01-15,Standard Earn,1,128.26,128.26,128.26
CUST_184,50164,2026-01-16,Standard Earn,2,185.72,185.72,313.98
CUST_184,50164,2026-01-16,Health Bonus (2x),2,133.3,266.6,580.58
CUST_184,50164,2026-01-16,Electronics Bonus (1.5x),3,433.11,649.66,1230.24
CUST_184,50369,2026-01-18,Electronics Bonus (1.5x),2,140.42,210.63,1440.87
CUST_184,50369,2026-01-18,Standard Earn,3,358.74,358.74,1799.6100000000001
CUST_184,50369,2026-01-18,Standard Earn,3,142.68,142.68,1942.29
CUST_184,50369,2026-01-18,Standard Earn,3,263.13,263.13,2205.42
CUST_184,50369,2026-01-18,Standard Earn,2,60.28,60.28,2265.7
CUST_185,50135,2026-01-15,Electronics Bonus (1.5x),2,37.66,56.49,56.49
CUST_185,50135,2026-01-15,Health Bonus (2x),2,62.84,125.68,182.17000000000002
CUST_185,50135,2026-01-15,Standard Earn,2,256.52,256.52,438.69
CUST_185,50135,2026-01-15,Standard Earn,1,92.86,92.86,531.55
CUST_185,50138,2026-01-15,Standard Earn,1,39.95,39.95,571.5
CUST_185,50138,2026-01-15,Standard Earn,1,92.86,92.86,664.36
CUST_185,50138,2026-01-15,Standard Earn,3,358.74,358.74,1023.1
CUST_185,50216,2026-01-16,Health Bonus (2x),3,324.42,648.84,1671.94
CUST_185,50216,2026-01-16,Electronics Bonus (1.5x),2,140.34,210.51,1882.45
CUST_185,50317,2026-01-18,Standard Earn,2,175.42,175.42,2057.87
CUST_189,50051,2026-01-13,Standard Earn,3,358.74,358.74,358.74
CUST_189,50051,2026-01-13,Health Bonus (2x),3,21.81,43.62,402.36
CUST_189,50051,2026-01-13,Standard Earn,3,358.74,358.74,761.1
CUST_189,50051,2026-01-13,Standard Earn,1,28.96,28.96,790.0600000000001
CUST_189,50058,2026-01-13,Standard Earn,1,92.86,92.86,882.9200000000001
CUST_189,50103,2026-01-14,Standard Earn,1,87.32,87.32,970.24
CUST_189,50103,2026-01-14,Standard Earn,1,47.56,47.56,1017.8
CUST_189,50103,2026-01-14,Standard Earn,3,90.42,90.42,1108.22
CUST_189,50148,2026-01-15,Standard Earn,2,180.16,180.16,1288.38
CUST_189,50148,2026-01-15,Health Bonus (2x),1,66.65,133.3,1421.68
CUST_189,50148,2026-01-15,Health Bonus (2x),2,14.54,29.08,1450.76
CUST_189,50148,2026-01-15,Standard Earn,3,298.23,298.23,1748.99
CUST_189,50324,2026-01-18,Standard Earn,2,67.66,67.66,1816.65
CUST_189,50324,2026-01-18,Standard Earn,2,180.16,180.16,1996.81
CUST_189,50324,2026-01-18,Electronics Bonus (1.5x),1,70.21,105.32,2102.13
CUST_190,50109,2026-01-14,Standard Earn,2,67.66,67.66,67.66
CUST_190,50109,2026-01-14,Standard Earn,3,241.56,241.56,309.22
CUST_190,50109,2026-01-14,Electronics Bonus (1.5x),3,418.11,627.16,936.38
CUST_190,50249,2026-01-17,Electronics Bonus (1.5x),1,139.31,208.96,1145.34
CUST_190,50249,2026-01-17,Electronics Bonus (1.5x),1,139.31,208.96,1354.3
CUST_190,50249,2026-01-17,Health Bonus (2x),2,186.9,373.8,1728.1
CUST_190,50249,2026-01-17,Standard Earn,2,275.34,275.34,2003.44
CUST_192,50116,2026-01-14,Standard Earn,2,60.28,60.28,60.28
CUST_192,50116,2026-01-14,Standard Earn,2,70.3,70.3,130.57999999999998
CUST_192,50116,2026-01-14,Standard Earn,1,128.26,128.26,258.84
CUST_192,50116,2026-01-14,Electronics Bonus (1.5x),2,288.74,433.11,691.95
CUST_192,50168,2026-01-16,Electronics Bonus (1.5x),2,37.66,56.49,748.4399999999999
CUST_192,50168,2026-01-16,Electronics Bonus (1.5x),2,123.4,185.1,933.54
CUST_192,50378,2026-01-18,Standard Earn,1,128.26,128.26,1061.8
CUST_192,50378,2026-01-18,Standard Earn,3,413.01,413.01,1474.81
CUST_192,50378,2026-01-18,Electronics Bonus (1.5x),2,140.42,210.63,1685.44
CUST_192,50378,2026-01-18,Health Bonus (2x),3,434.88,869.76,2555.2
CUST_192,50378,2026-01-18,Standard Earn,3,157.05,157.05,2712.25
CUST_194,50091,2026-01-14,Health Bonus (2x),2,229.06,458.12,458.12
CUST_194,50091,2026-01-14,Health Bonus (2x),3,324.42,648.84,1106.96
CUST_195,50016,2026-01-12,Health Bonus (2x),1,9.54,19.08,19.08
CUST_195,50016,2026-01-12,Health Bonus (2x),3,279.06,558.12,577.2
CUST_195,50209,2026-01-16,Standard Earn,1,83.26,83.26,660.46
CUST_195,50209,2026-01-16,Standard Earn,1,87.32,87.32,747.7800000000001
CUST_195,50320,2026-01-18,Standard Earn,1,101.56,101.56,849.34
CUST_197,50027,2026-01-12,Standard Earn,2,275.34,275.34,275.34
CUST_197,50027,2026-01-12,Standard Earn,2,254.92,254.92,530.26
CUST_197,50027,2026-01-12,Standard Earn,3,101.49,101.49,631.75
CUST_197,50027,2026-01-12,Health Bonus (2x),2,14.08,28.16,659.91
CUST_198,50125,2026-01-15,Standard Earn,3,134.49,134.49,134.49
CUST_198,50134,2026-01-15,Standard Earn,1,101.56,101.56,236.05
CUST_198,50284,2026-01-17,Standard Earn,1,47.96,47.96,284.01
CUST_198,50284,2026-01-17,Standard Earn,3,101.49,101.49,385.5
CUST_198,50284,2026-01-17,Electronics Bonus (1.5x),1,45.02,67.53,453.03
CUST_198,50284,2026-01-17,Health Bonus (2x),3,199.95,399.9,852.93
CUST_198,50284,2026-01-17,Standard Earn,1,80.52,80.52,933.4499999999999
CUST_198,50295,2026-01-17,Standard Earn,3,261.96,261.96,1195.4099999999999
CUST_198,50295,2026-01-17,Standard Earn,1,39.95,39.95,1235.36
CUST_198,50383,2026-01-18,Standard Earn,1,30.14,30.14,1265.5
CUST_198,50383,2026-01-18,Standard Earn,3,143.88,143.88,1409.3799999999999
CUST_198,50383,2026-01-18,Standard Earn,3,263.13,263.13,1672.5099999999998
CUST_198,50383,2026-01-18,Electronics Bonus (1.5x),1,18.83,28.24,1700.7499999999998
CUST_198,50383,2026-01-18,Standard Earn,3,134.49,134.49,1835.2399999999998
